plant,period
94,23
94,24
94,25
94,26
94,27
94,28
94,29
94,30
94,31
94,32
94,33
94,34
94,35
94,36
94,37
94,38
94,39
94,40
94,41
94,42
94,43
94,44
94,45
94,46
94,47
94,48
94,49
94,50
94,51
94,52
94,53
94,54
94,55
94,56
94,63
94,70
94,77
94,84
94,91
94,98
94,105
94,112
94,119
94,126
1,23
1,24
1,25
1,26
1,27
1,28
1,29
1,30
1,31
1,32
1,33
1,34
1,35
1,36
1,37
1,38
1,39
1,40
1,41
1,42
1,43
1,44
1,45
1,46
1,47
1,48
1,49
1,50
1,51
1,52
1,53
1,54
1,55
1,56
1,63
1,70
1,77
1,84
1,91
1,98
1,105
1,112
1,119
1,126
186,23
186,24
186,25
186,26
186,27
186,28
186,29
186,30
186,31
186,32
186,33
186,34
186,35
186,36
186,37
186,38
186,39
186,40
186,41
186,42
186,43
186,44
186,45
186,46
186,47
186,48
186,49
186,50
186,51
186,52
186,53
186,54
186,55
186,56
186,63
186,70
186,77
186,84
186,91
186,98
186,105
186,112
186,119
186,126
26,23
26,24
26,25
26,26
26,27
26,28
26,29
26,30
26,31
26,32
26,33
26,34
26,35
26,36
26,37
26,38
26,39
26,40
26,41
26,42
26,43
26,44
26,45
26,46
26,47
26,48
26,49
26,50
26,51
26,52
26,53
26,54
26,55
26,56
26,63
26,70
26,77
26,84
26,91
26,98
26,105
26,112
26,119
26,126
80,23
80,24
80,25
80,26
80,27
80,28
80,29
80,30
80,31
80,32
80,33
80,34
80,35
80,36
80,37
80,38
80,39
80,40
80,41
80,42
80,43
80,44
80,45
80,46
80,47
80,48
80,49
80,50
80,51
80,52
80,53
80,54
80,55
80,56
80,63
80,70
80,77
80,84
80,91
80,98
80,105
80,112
80,119
80,126
80,23
80,24
80,25
80,26
80,27
80,28
80,29
80,30
80,31
80,32
80,33
80,34
80,35
80,36
80,37
80,38
80,39
80,40
80,41
80,42
80,43
80,44
80,45
80,46
80,47
80,48
80,49
80,50
80,51
80,52
80,53
80,54
80,55
80,56
80,63
80,70
80,77
80,84
80,91
80,98
80,105
80,112
80,119
80,126
80,23
80,24
80,25
80,26
80,27
80,28
80,29
80,30
80,31
80,32
80,33
80,34
80,35
80,36
80,37
80,38
80,39
80,40
80,41
80,42
80,43
80,44
80,45
80,46
80,47
80,48
80,49
80,50
80,51
80,52
80,53
80,54
80,55
80,56
80,63
80,70
80,77
80,84
80,91
80,98
80,105
80,112
80,119
80,126
80,23
80,24
80,25
80,26
80,27
80,28
80,29
80,30
80,31
80,32
80,33
80,34
80,35
80,36
80,37
80,38
80,39
80,40
80,41
80,42
80,43
80,44
80,45
80,46
80,47
80,48
80,49
80,50
80,51
80,52
80,53
80,54
80,55
80,56
80,63
80,70
80,77
80,84
80,91
80,98
80,105
80,112
80,119
80,126
80,23
80,24
80,25
80,26
80,27
80,28
80,29
80,30
80,31
80,32
80,33
80,34
80,35
80,36
80,37
80,38
80,39
80,40
80,41
80,42
80,43
80,44
80,45
80,46
80,47
80,48
80,49
80,50
80,51
80,52
80,53
80,54
80,55
80,56
80,63
80,70
80,77
80,84
80,91
80,98
80,105
80,112
80,119
80,126
80,23
80,24
80,25
80,26
80,27
80,28
80,29
80,30
80,31
80,32
80,33
80,34
80,35
80,36
80,37
80,38
80,39
80,40
80,41
80,42
80,43
80,44
80,45
80,46
80,47
80,48
80,49
80,50
80,51
80,52
80,53
80,54
80,55
80,56
80,63
80,70
80,77
80,84
80,91
80,98
80,105
80,112
80,119
80,126
80,23
80,24
80,25
80,26
80,27
80,28
80,29
80,30
80,31
80,32
80,33
80,34
80,35
80,36
80,37
80,38
80,39
80,40
80,41
80,42
80,43
80,44
80,45
80,46
80,47
80,48
80,49
80,50
80,51
80,52
80,53
80,54
80,55
80,56
80,63
80,70
80,77
80,84
80,91
80,98
80,105
80,112
80,119
80,126
80,23
80,24
80,25
80,26
80,27
80,28
80,29
80,30
80,31
80,32
80,33
80,34
80,35
80,36
80,37
80,38
80,39
80,40
80,41
80,42
80,43
80,44
80,45
80,46
80,47
80,48
80,49
80,50
80,51
80,52
80,53
80,54
80,55
80,56
80,63
80,70
80,77
80,84
80,91
80,98
80,105
80,112
80,119
80,126
80,23
80,24
80,25
80,26
80,27
80,28
80,29
80,30
80,31
80,32
80,33
80,34
80,35
80,36
80,37
80,38
80,39
80,40
80,41
80,42
80,43
80,44
80,45
80,46
80,47
80,48
80,49
80,50
80,51
80,52
80,53
80,54
80,55
80,56
80,63
80,70
80,77
80,84
80,91
80,98
80,105
80,112
80,119
80,126
80,23
80,24
80,25
80,26
80,27
80,28
80,29
80,30
80,31
80,32
80,33
80,34
80,35
80,36
80,37
80,38
80,39
80,40
80,41
80,42
80,43
80,44
80,45
80,46
80,47
80,48
80,49
80,50
80,51
80,52
80,53
80,54
80,55
80,56
80,63
80,70
80,77
80,84
80,91
80,98
80,105
80,112
80,119
80,126
80,23
80,24
80,25
80,26
80,27
80,28
80,29
80,30
80,31
80,32
80,33
80,34
80,35
80,36
80,37
80,38
80,39
80,40
80,41
80,42
80,43
80,44
80,45
80,46
80,47
80,48
80,49
80,50
80,51
80,52
80,53
80,54
80,55
80,56
80,63
80,70
80,77
80,84
80,91
80,98
80,105
80,112
80,119
80,126
80,23
80,24
80,25
80,26
80,27
80,28
80,29
80,30
80,31
80,32
80,33
80,34
80,35
80,36
80,37
80,38
80,39
80,40
80,41
80,42
80,43
80,44
80,45
80,46
80,47
80,48
80,49
80,50
80,51
80,52
80,53
80,54
80,55
80,56
80,63
80,70
80,77
80,84
80,91
80,98
80,105
80,112
80,119
80,126
80,23
80,24
80,25
80,26
80,27
80,28
80,29
80,30
80,31
80,32
80,33
80,34
80,35
80,36
80,37
80,38
80,39
80,40
80,41
80,42
80,43
80,44
80,45
80,46
80,47
80,48
80,49
80,50
80,51
80,52
80,53
80,54
80,55
80,56
80,63
80,70
80,77
80,84
80,91
80,98
80,105
80,112
80,119
80,126
80,23
80,24
80,25
80,26
80,27
80,28
80,29
80,30
80,31
80,32
80,33
80,34
80,35
80,36
80,37
80,38
80,39
80,40
80,41
80,42
80,43
80,44
80,45
80,46
80,47
80,48
80,49
80,50
80,51
80,52
80,53
80,54
80,55
80,56
80,63
80,70
80,77
80,84
80,91
80,98
80,105
80,112
80,119
80,126
80,23
80,24
80,25
80,26
80,27
80,28
80,29
80,30
80,31
80,32
80,33
80,34
80,35
80,36
80,37
80,38
80,39
80,40
80,41
80,42
80,43
80,44
80,45
80,46
80,47
80,48
80,49
80,50
80,51
80,52
80,53
80,54
80,55
80,56
80,63
80,70
80,77
80,84
80,91
80,98
80,105
80,112
80,119
80,126
80,23
80,24
80,25
80,26
80,27
80,28
80,29
80,30
80,31
80,32
80,33
80,34
80,35
80,36
80,37
80,38
80,39
80,40
80,41
80,42
80,43
80,44
80,45
80,46
80,47
80,48
80,49
80,50
80,51
80,52
80,53
80,54
80,55
80,56
80,63
80,70
80,77
80,84
80,91
80,98
80,105
80,112
80,119
80,126
80,23
80,24
80,25
80,26
80,27
80,28
80,29
80,30
80,31
80,32
80,33
80,34
80,35
80,36
80,37
80,38
80,39
80,40
80,41
80,42
80,43
80,44
80,45
80,46
80,47
80,48
80,49
80,50
80,51
80,52
80,53
80,54
80,55
80,56
80,63
80,70
80,77
80,84
80,91
80,98
80,105
80,112
80,119
80,126
80,23
80,24
80,25
80,26
80,27
80,28
80,29
80,30
80,31
80,32
80,33
80,34
80,35
80,36
80,37
80,38
80,39
80,40
80,41
80,42
80,43
80,44
80,45
80,46
80,47
80,48
80,49
80,50
80,51
80,52
80,53
80,54
80,55
80,56
80,63
80,70
80,77
80,84
80,91
80,98
80,105
80,112
80,119
80,126
80,23
80,24
80,25
80,26
80,27
80,28
80,29
80,30
80,31
80,32
80,33
80,34
80,35
80,36
80,37
80,38
80,39
80,40
80,41
80,42
80,43
80,44
80,45
80,46
80,47
80,48
80,49
80,50
80,51
80,52
80,53
80,54
80,55
80,56
80,63
80,70
80,77
80,84
80,91
80,98
80,105
80,112
80,119
80,126
80,23
80,24
80,25
80,26
80,27
80,28
80,29
80,30
80,31
80,32
80,33
80,34
80,35
80,36
80,37
80,38
80,39
80,40
80,41
80,42
80,43
80,44
80,45
80,46
80,47
80,48
80,49
80,50
80,51
80,52
80,53
80,54
80,55
80,56
80,63
80,70
80,77
80,84
80,91
80,98
80,105
80,112
80,119
80,126
80,23
80,24
80,25
80,26
80,27
80,28
80,29
80,30
80,31
80,32
80,33
80,34
80,35
80,36
80,37
80,38
80,39
80,40
80,41
80,42
80,43
80,44
80,45
80,46
80,47
80,48
80,49
80,50
80,51
80,52
80,53
80,54
80,55
80,56
80,63
80,70
80,77
80,84
80,91
80,98
80,105
80,112
80,119
80,126
80,23
80,24
80,25
80,26
80,27
80,28
80,29
80,30
80,31
80,32
80,33
80,34
80,35
80,36
80,37
80,38
80,39
80,40
80,41
80,42
80,43
80,44
80,45
80,46
80,47
80,48
80,49
80,50
80,51
80,52
80,53
80,54
80,55
80,56
80,63
80,70
80,77
80,84
80,91
80,98
80,105
80,112
80,119
80,126
80,23
80,24
80,25
80,26
80,27
80,28
80,29
80,30
80,31
80,32
80,33
80,34
80,35
80,36
80,37
80,38
80,39
80,40
80,41
80,42
80,43
80,44
80,45
80,46
80,47
80,48
80,49
80,50
80,51
80,52
80,53
80,54
80,55
80,56
80,63
80,70
80,77
80,84
80,91
80,98
80,105
80,112
80,119
80,126
80,23
80,24
80,25
80,26
80,27
80,28
80,29
80,30
80,31
80,32
80,33
80,34
80,35
80,36
80,37
80,38
80,39
80,40
80,41
80,42
80,43
80,44
80,45
80,46
80,47
80,48
80,49
80,50
80,51
80,52
80,53
80,54
80,55
80,56
80,63
80,70
80,77
80,84
80,91
80,98
80,105
80,112
80,119
80,126
80,23
80,24
80,25
80,26
80,27
80,28
80,29
80,30
80,31
80,32
80,33
80,34
80,35
80,36
80,37
80,38
80,39
80,40
80,41
80,42
80,43
80,44
80,45
80,46
80,47
80,48
80,49
80,50
80,51
80,52
80,53
80,54
80,55
80,56
80,63
80,70
80,77
80,84
80,91
80,98
80,105
80,112
80,119
80,126
80,23
80,24
80,25
80,26
80,27
80,28
80,29
80,30
80,31
80,32
80,33
80,34
80,35
80,36
80,37
80,38
80,39
80,40
80,41
80,42
80,43
80,44
80,45
80,46
80,47
80,48
80,49
80,50
80,51
80,52
80,53
80,54
80,55
80,56
80,63
80,70
80,77
80,84
80,91
80,98
80,105
80,112
80,119
80,126
80,23
80,24
80,25
80,26
80,27
80,28
80,29
80,30
80,31
80,32
80,33
80,34
80,35
80,36
80,37
80,38
80,39
80,40
80,41
80,42
80,43
80,44
80,45
80,46
80,47
80,48
80,49
80,50
80,51
80,52
80,53
80,54
80,55
80,56
80,63
80,70
80,77
80,84
80,91
80,98
80,105
80,112
80,119
80,126
80,23
80,24
80,25
80,26
80,27
80,28
80,29
80,30
80,31
80,32
80,33
80,34
80,35
80,36
80,37
80,38
80,39
80,40
80,41
80,42
80,43
80,44
80,45
80,46
80,47
80,48
80,49
80,50
80,51
80,52
80,53
80,54
80,55
80,56
80,63
80,70
80,77
80,84
80,91
80,98
80,105
80,112
80,119
80,126
80,23
80,24
80,25
80,26
80,27
80,28
80,29
80,30
80,31
80,32
80,33
80,34
80,35
80,36
80,37
80,38
80,39
80,40
80,41
80,42
80,43
80,44
80,45
80,46
80,47
80,48
80,49
80,50
80,51
80,52
80,53
80,54
80,55
80,56
80,63
80,70
80,77
80,84
80,91
80,98
80,105
80,112
80,119
80,126
80,23
80,24
80,25
80,26
80,27
80,28
80,29
80,30
80,31
80,32
80,33
80,34
80,35
80,36
80,37
80,38
80,39
80,40
80,41
80,42
80,43
80,44
80,45
80,46
80,47
80,48
80,49
80,50
80,51
80,52
80,53
80,54
80,55
80,56
80,63
80,70
80,77
80,84
80,91
80,98
80,105
80,112
80,119
80,126
80,23
80,24
80,25
80,26
80,27
80,28
80,29
80,30
80,31
80,32
80,33
80,34
80,35
80,36
80,37
80,38
80,39
80,40
80,41
80,42
80,43
80,44
80,45
80,46
80,47
80,48
80,49
80,50
80,51
80,52
80,53
80,54
80,55
80,56
80,63
80,70
80,77
80,84
80,91
80,98
80,105
80,112
80,119
80,126
80,23
80,24
80,25
80,26
80,27
80,28
80,29
80,30
80,31
80,32
80,33
80,34
80,35
80,36
80,37
80,38
80,39
80,40
80,41
80,42
80,43
80,44
80,45
80,46
80,47
80,48
80,49
80,50
80,51
80,52
80,53
80,54
80,55
80,56
80,63
80,70
80,77
80,84
80,91
80,98
80,105
80,112
80,119
80,126
180,23
180,24
180,25
180,26
180,27
180,28
180,29
180,30
180,31
180,32
180,33
180,34
180,35
180,36
180,37
180,38
180,39
180,40
180,41
180,42
180,43
180,44
180,45
180,46
180,47
180,48
180,49
180,50
180,51
180,52
180,53
180,54
180,55
180,56
180,63
180,70
180,77
180,84
180,91
180,98
180,105
180,112
180,119
180,126
34,23
34,24
34,25
34,26
34,27
34,28
34,29
34,30
34,31
34,32
34,33
34,34
34,35
34,36
34,37
34,38
34,39
34,40
34,41
34,42
34,43
34,44
34,45
34,46
34,47
34,48
34,49
34,50
34,51
34,52
34,53
34,54
34,55
34,56
34,63
34,70
34,77
34,84
34,91
34,98
34,105
34,112
34,119
34,126
41,23
41,24
41,25
41,28
41,29
41,30
41,31
41,32
41,33
41,35
41,36
41,37
41,38
41,39
41,40
41,42
41,43
41,44
41,45
41,46
41,47
41,49
41,50
41,51
41,52
41,53
41,54
41,56
41,63
41,70
41,77
41,84
41,91
41,98
41,105
41,112
41,119
41,126
111,23
111,24
111,25
111,26
111,27
111,28
111,29
111,30
111,31
111,32
111,33
111,34
111,35
111,36
111,37
111,38
111,39
111,40
111,41
111,42
111,43
111,44
111,45
111,46
111,47
111,48
111,49
111,50
111,51
111,52
111,53
111,54
111,55
111,56
111,63
111,70
111,77
111,84
111,91
111,98
111,105
111,112
111,119
111,126
239,23
239,24
239,25
239,26
239,27
239,28
239,29
239,30
239,31
239,32
239,33
239,34
239,35
239,36
239,37
239,38
239,39
239,40
239,41
239,42
239,43
239,44
239,45
239,46
239,47
239,48
239,49
239,50
239,51
239,52
239,53
239,54
239,55
239,56
239,63
239,70
239,77
239,84
239,91
239,98
239,105
239,112
239,119
239,126
27,23
27,24
27,25
27,26
27,28
27,29
27,30
27,31
27,32
27,33
27,35
27,36
27,37
27,38
27,39
27,40
27,42
27,43
27,44
27,45
27,46
27,47
27,49
27,50
27,51
27,52
27,53
27,54
27,56
27,63
27,70
27,77
27,84
27,91
27,98
27,105
27,112
27,119
27,126
156,23
156,24
156,25
156,26
156,27
156,28
156,29
156,30
156,31
156,32
156,33
156,35
156,36
156,37
156,38
156,39
156,40
156,42
156,43
156,44
156,45
156,46
156,47
156,49
156,50
156,51
156,52
156,53
156,54
156,56
156,63
156,70
156,77
156,84
156,91
156,98
156,105
156,112
156,119
156,126
67,23
67,24
67,25
67,26
67,27
67,28
67,29
67,30
67,31
67,32
67,33
67,34
67,35
67,36
67,37
67,38
67,39
67,40
67,41
67,42
67,43
67,44
67,45
67,46
67,47
67,48
67,49
67,50
67,51
67,52
67,53
67,54
67,55
67,56
67,63
67,70
67,77
67,84
67,91
67,98
67,105
67,112
67,119
67,126
83,23
83,24
83,25
83,26
83,27
83,28
83,29
83,30
83,31
83,32
83,33
83,34
83,35
83,36
83,37
83,38
83,39
83,40
83,41
83,42
83,43
83,44
83,45
83,46
83,47
83,48
83,49
83,50
83,51
83,52
83,53
83,54
83,55
83,56
83,63
83,70
83,77
83,84
83,91
83,98
83,105
83,112
83,119
83,126
24,23
24,24
24,25
24,26
24,28
24,29
24,30
24,31
24,32
24,33
24,35
24,36
24,37
24,38
24,39
24,40
24,42
24,43
24,44
24,45
24,46
24,47
24,49
24,50
24,51
24,52
24,53
24,54
24,56
24,63
24,70
24,77
24,84
24,91
24,98
24,105
24,112
24,119
24,126
85,23
85,24
85,25
85,26
85,28
85,29
85,30
85,31
85,32
85,35
85,36
85,37
85,38
85,39
85,42
85,43
85,44
85,45
85,46
85,49
85,50
85,51
85,52
85,53
85,56
85,63
85,70
85,77
85,84
85,91
85,98
85,105
85,112
85,119
85,126
47,23
47,24
47,25
47,26
47,27
47,28
47,29
47,30
47,31
47,32
47,33
47,34
47,35
47,36
47,37
47,38
47,39
47,40
47,41
47,42
47,43
47,44
47,45
47,46
47,47
47,48
47,49
47,50
47,51
47,52
47,53
47,54
47,55
47,56
47,63
47,70
47,77
47,84
47,91
47,98
47,105
47,112
47,119
47,126
174,23
174,24
174,25
174,26
174,27
174,28
174,29
174,30
174,31
174,32
174,33
174,34
174,35
174,36
174,37
174,38
174,39
174,40
174,41
174,42
174,43
174,44
174,45
174,46
174,47
174,48
174,49
174,50
174,51
174,52
174,53
174,54
174,55
174,56
174,63
174,70
174,77
174,84
174,91
174,98
174,105
174,112
174,119
174,126
108,23
108,24
108,25
108,26
108,27
108,28
108,29
108,30
108,31
108,32
108,33
108,34
108,35
108,36
108,37
108,38
108,39
108,40
108,41
108,42
108,43
108,44
108,45
108,46
108,47
108,48
108,49
108,50
108,51
108,52
108,53
108,54
108,55
108,56
108,63
108,70
108,77
108,84
108,91
108,98
108,105
108,112
108,119
108,126
110,23
110,24
110,25
110,26
110,27
110,28
110,29
110,30
110,31
110,32
110,33
110,34
110,35
110,36
110,37
110,38
110,39
110,40
110,41
110,42
110,43
110,44
110,45
110,46
110,47
110,48
110,49
110,50
110,51
110,52
110,53
110,54
110,55
110,56
110,63
110,70
110,77
110,84
110,91
110,98
110,105
110,112
110,119
110,126
196,23
196,24
196,25
196,26
196,27
196,28
196,29
196,30
196,31
196,32
196,33
196,34
196,35
196,36
196,37
196,38
196,39
196,40
196,41
196,42
196,43
196,44
196,45
196,46
196,47
196,48
196,49
196,50
196,51
196,52
196,53
196,54
196,55
196,56
196,63
196,70
196,77
196,84
196,91
196,98
196,105
196,112
196,119
196,126
136,23
136,24
136,25
136,26
136,27
136,28
136,29
136,30
136,31
136,32
136,33
136,34
136,35
136,36
136,37
136,38
136,39
136,40
136,41
136,42
136,43
136,44
136,45
136,46
136,47
136,48
136,49
136,50
136,51
136,52
136,53
136,54
136,55
136,56
136,63
136,70
136,77
136,84
136,91
136,98
136,105
136,112
136,119
136,126
143,23
143,24
143,25
143,26
143,27
143,28
143,29
143,30
143,31
143,32
143,33
143,34
143,35
143,36
143,37
143,38
143,39
143,40
143,41
143,42
143,43
143,44
143,45
143,46
143,47
143,48
143,49
143,50
143,51
143,52
143,53
143,54
143,55
143,56
143,63
143,70
143,77
143,84
143,91
143,98
143,105
143,112
143,119
143,126
77,23
77,24
77,25
77,26
77,27
77,28
77,29
77,30
77,31
77,32
77,33
77,34
77,35
77,36
77,37
77,38
77,39
77,40
77,41
77,42
77,43
77,44
77,45
77,46
77,47
77,48
77,49
77,50
77,51
77,52
77,53
77,54
77,55
77,56
77,63
77,70
77,77
77,84
77,91
77,98
77,105
77,112
77,119
77,126
35,23
35,24
35,25
35,26
35,27
35,28
35,29
35,30
35,31
35,32
35,33
35,34
35,35
35,36
35,37
35,38
35,39
35,40
35,41
35,42
35,43
35,44
35,45
35,46
35,47
35,48
35,49
35,50
35,51
35,52
35,53
35,54
35,55
35,56
35,63
35,70
35,77
35,84
35,91
35,98
35,105
35,112
35,119
35,126
238,23
238,24
238,25
238,26
238,27
238,28
238,29
238,30
238,31
238,32
238,33
238,34
238,35
238,36
238,37
238,38
238,39
238,40
238,41
238,42
238,43
238,44
238,45
238,46
238,47
238,48
238,49
238,50
238,51
238,52
238,53
238,54
238,55
238,56
238,63
238,70
238,77
238,84
238,91
238,98
238,105
238,112
238,119
238,126
64,23
64,24
64,25
64,26
64,27
64,28
64,29
64,30
64,31
64,32
64,33
64,34
64,35
64,36
64,37
64,38
64,39
64,40
64,41
64,42
64,43
64,44
64,45
64,46
64,47
64,48
64,49
64,50
64,51
64,52
64,53
64,54
64,55
64,56
64,63
64,70
64,77
64,84
64,91
64,98
64,105
64,112
64,119
64,126
64,23
64,24
64,25
64,26
64,27
64,28
64,29
64,30
64,31
64,32
64,33
64,34
64,35
64,36
64,37
64,38
64,39
64,40
64,41
64,42
64,43
64,44
64,45
64,46
64,47
64,48
64,49
64,50
64,51
64,52
64,53
64,54
64,55
64,56
64,63
64,70
64,77
64,84
64,91
64,98
64,105
64,112
64,119
64,126
177,23
177,24
177,25
177,26
177,27
177,28
177,29
177,30
177,31
177,32
177,33
177,34
177,35
177,36
177,37
177,38
177,39
177,40
177,41
177,42
177,43
177,44
177,45
177,46
177,47
177,48
177,49
177,50
177,51
177,52
177,53
177,54
177,55
177,56
177,63
177,70
177,77
177,84
177,91
177,98
177,105
177,112
177,119
177,126
204,23
204,24
204,25
204,26
204,27
204,28
204,29
204,30
204,31
204,32
204,33
204,34
204,35
204,36
204,37
204,38
204,39
204,40
204,41
204,42
204,43
204,44
204,45
204,46
204,47
204,48
204,49
204,50
204,51
204,52
204,53
204,54
204,55
204,56
204,63
204,70
204,77
204,84
204,91
204,98
204,105
204,112
204,119
204,126
113,23
113,24
113,25
113,26
113,28
113,29
113,30
113,31
113,32
113,33
113,35
113,36
113,37
113,38
113,39
113,40
113,42
113,43
113,44
113,45
113,46
113,47
113,49
113,50
113,51
113,52
113,53
113,54
113,56
113,63
113,70
113,77
113,84
113,91
113,98
113,105
113,112
113,119
113,126
118,23
118,24
118,25
118,26
118,28
118,29
118,30
118,31
118,32
118,33
118,35
118,36
118,37
118,38
118,39
118,40
118,42
118,43
118,44
118,45
118,46
118,47
118,49
118,50
118,51
118,52
118,53
118,54
118,56
118,63
118,70
118,77
118,84
118,91
118,98
118,105
118,112
118,119
118,126
19,23
19,24
19,25
19,28
19,29
19,30
19,31
19,32
19,35
19,36
19,37
19,38
19,39
19,42
19,43
19,44
19,45
19,46
19,49
19,50
19,51
19,52
19,53
19,56
19,63
19,70
19,77
19,84
19,91
19,98
19,105
19,112
19,119
19,126
227,23
227,24
227,25
227,26
227,27
227,28
227,29
227,30
227,31
227,32
227,33
227,34
227,35
227,36
227,37
227,38
227,39
227,40
227,41
227,42
227,43
227,44
227,45
227,46
227,47
227,48
227,49
227,50
227,51
227,52
227,53
227,54
227,55
227,56
227,63
227,70
227,77
227,84
227,91
227,98
227,105
227,112
227,119
227,126
28,23
28,24
28,25
28,26
28,27
28,28
28,29
28,30
28,31
28,32
28,33
28,34
28,35
28,36
28,37
28,38
28,39
28,40
28,41
28,42
28,43
28,44
28,45
28,46
28,47
28,48
28,49
28,50
28,51
28,52
28,53
28,54
28,55
28,56
28,63
28,70
28,77
28,84
28,91
28,98
28,105
28,112
28,119
28,126
187,23
187,24
187,25
187,26
187,27
187,28
187,29
187,30
187,31
187,32
187,33
187,34
187,35
187,36
187,37
187,38
187,39
187,40
187,41
187,42
187,43
187,44
187,45
187,46
187,47
187,48
187,49
187,50
187,51
187,52
187,53
187,54
187,55
187,56
187,63
187,70
187,77
187,84
187,91
187,98
187,105
187,112
187,119
187,126
141,23
141,24
141,25
141,26
141,28
141,29
141,30
141,31
141,32
141,33
141,35
141,36
141,37
141,38
141,39
141,40
141,42
141,43
141,44
141,45
141,46
141,47
141,49
141,50
141,51
141,52
141,53
141,54
141,56
141,63
141,70
141,77
141,84
141,91
141,98
141,105
141,112
141,119
141,126
31,23
31,24
31,25
31,26
31,27
31,28
31,29
31,30
31,31
31,32
31,33
31,34
31,35
31,36
31,37
31,38
31,39
31,40
31,41
31,42
31,43
31,44
31,45
31,46
31,47
31,48
31,49
31,50
31,51
31,52
31,53
31,54
31,55
31,56
31,63
31,70
31,77
31,84
31,91
31,98
31,105
31,112
31,119
31,126
0,23
0,24
0,25
0,26
0,27
0,28
0,29
0,30
0,31
0,32
0,33
0,34
0,35
0,36
0,37
0,38
0,39
0,40
0,41
0,42
0,43
0,44
0,45
0,46
0,47
0,48
0,49
0,50
0,51
0,52
0,53
0,54
0,55
0,56
0,63
0,70
0,77
0,84
0,91
0,98
0,105
0,112
0,119
0,126
168,23
168,24
168,25
168,26
168,27
168,28
168,29
168,30
168,31
168,32
168,33
168,34
168,35
168,36
168,37
168,38
168,39
168,40
168,41
168,42
168,43
168,44
168,45
168,46
168,47
168,48
168,49
168,50
168,51
168,52
168,53
168,54
168,55
168,56
168,63
168,70
168,77
168,84
168,91
168,98
168,105
168,112
168,119
168,126
242,23
242,24
242,25
242,26
242,27
242,28
242,29
242,30
242,31
242,32
242,33
242,34
242,35
242,36
242,37
242,38
242,39
242,40
242,41
242,42
242,43
242,44
242,45
242,46
242,47
242,48
242,49
242,50
242,51
242,52
242,53
242,54
242,55
242,56
242,63
242,70
242,77
242,84
242,91
242,98
242,105
242,112
242,119
242,126
226,23
226,24
226,25
226,26
226,27
226,28
226,29
226,30
226,31
226,32
226,33
226,34
226,35
226,36
226,37
226,38
226,39
226,40
226,41
226,42
226,43
226,44
226,45
226,46
226,47
226,48
226,49
226,50
226,51
226,52
226,53
226,54
226,55
226,56
226,63
226,70
226,77
226,84
226,91
226,98
226,105
226,112
226,119
226,126
98,23
98,24
98,25
98,26
98,27
98,28
98,29
98,30
98,31
98,32
98,33
98,34
98,35
98,36
98,37
98,38
98,39
98,40
98,41
98,42
98,43
98,44
98,45
98,46
98,47
98,48
98,49
98,50
98,51
98,52
98,53
98,54
98,55
98,56
98,63
98,70
98,77
98,84
98,91
98,98
98,105
98,112
98,119
98,126
214,23
214,24
214,25
214,26
214,27
214,28
214,29
214,30
214,31
214,32
214,33
214,34
214,35
214,36
214,37
214,38
214,39
214,40
214,41
214,42
214,43
214,44
214,45
214,46
214,47
214,48
214,49
214,50
214,51
214,52
214,53
214,54
214,55
214,56
214,63
214,70
214,77
214,84
214,91
214,98
214,105
214,112
214,119
214,126
145,23
145,24
145,25
145,26
145,27
145,28
145,29
145,30
145,31
145,32
145,33
145,34
145,35
145,36
145,37
145,38
145,39
145,40
145,41
145,42
145,43
145,44
145,45
145,46
145,47
145,48
145,49
145,50
145,51
145,52
145,53
145,54
145,55
145,56
145,63
145,70
145,77
145,84
145,91
145,98
145,105
145,112
145,119
145,126
130,23
130,24
130,25
130,26
130,27
130,28
130,29
130,30
130,31
130,32
130,33
130,34
130,35
130,36
130,37
130,38
130,39
130,40
130,41
130,42
130,43
130,44
130,45
130,46
130,47
130,48
130,49
130,50
130,51
130,52
130,53
130,54
130,55
130,56
130,63
130,70
130,77
130,84
130,91
130,98
130,105
130,112
130,119
130,126
99,23
99,24
99,25
99,26
99,27
99,28
99,29
99,30
99,31
99,32
99,33
99,34
99,35
99,36
99,37
99,38
99,39
99,40
99,41
99,42
99,43
99,44
99,45
99,46
99,47
99,48
99,49
99,50
99,51
99,52
99,53
99,54
99,55
99,56
99,63
99,70
99,77
99,84
99,91
99,98
99,105
99,112
99,119
99,126
218,23
218,24
218,25
218,26
218,27
218,28
218,29
218,30
218,31
218,32
218,33
218,34
218,35
218,36
218,37
218,38
218,39
218,40
218,41
218,42
218,43
218,44
218,45
218,46
218,47
218,48
218,49
218,50
218,51
218,52
218,53
218,54
218,55
218,56
218,63
218,70
218,77
218,84
218,91
218,98
218,105
218,112
218,119
218,126
135,23
135,24
135,25
135,26
135,28
135,29
135,30
135,31
135,32
135,33
135,35
135,36
135,37
135,38
135,39
135,40
135,42
135,43
135,44
135,45
135,46
135,47
135,49
135,50
135,51
135,52
135,53
135,54
135,56
135,63
135,70
135,77
135,84
135,91
135,98
135,105
135,112
135,119
135,126
173,23
173,24
173,25
173,26
173,27
173,28
173,29
173,30
173,31
173,32
173,33
173,34
173,35
173,36
173,37
173,38
173,39
173,40
173,41
173,42
173,43
173,44
173,45
173,46
173,47
173,48
173,49
173,50
173,51
173,52
173,53
173,54
173,55
173,56
173,63
173,70
173,77
173,84
173,91
173,98
173,105
173,112
173,119
173,126
109,23
109,24
109,25
109,26
109,27
109,28
109,29
109,30
109,31
109,32
109,33
109,34
109,35
109,36
109,37
109,38
109,39
109,40
109,41
109,42
109,43
109,44
109,45
109,46
109,47
109,48
109,49
109,50
109,51
109,52
109,53
109,54
109,55
109,56
109,63
109,70
109,77
109,84
109,91
109,98
109,105
109,112
109,119
109,126
190,23
190,24
190,25
190,26
190,27
190,28
190,29
190,30
190,31
190,32
190,33
190,34
190,35
190,36
190,37
190,38
190,39
190,40
190,41
190,42
190,43
190,44
190,45
190,46
190,47
190,48
190,49
190,50
190,51
190,52
190,53
190,54
190,55
190,56
190,63
190,70
190,77
190,84
190,91
190,98
190,105
190,112
190,119
190,126
215,23
215,24
215,25
215,26
215,27
215,28
215,29
215,30
215,31
215,32
215,33
215,34
215,35
215,36
215,37
215,38
215,39
215,40
215,41
215,42
215,43
215,44
215,45
215,46
215,47
215,48
215,49
215,50
215,51
215,52
215,53
215,54
215,55
215,56
215,63
215,70
215,77
215,84
215,91
215,98
215,105
215,112
215,119
215,126
104,23
104,24
104,25
104,26
104,27
104,28
104,29
104,30
104,31
104,32
104,33
104,34
104,35
104,36
104,37
104,38
104,39
104,40
104,41
104,42
104,43
104,44
104,45
104,46
104,47
104,48
104,49
104,50
104,51
104,52
104,53
104,54
104,55
104,56
104,63
104,70
104,77
104,84
104,91
104,98
104,105
104,112
104,119
104,126
124,23
124,24
124,25
124,26
124,27
124,28
124,29
124,30
124,31
124,32
124,33
124,34
124,35
124,36
124,37
124,38
124,39
124,40
124,41
124,42
124,43
124,44
124,45
124,46
124,47
124,48
124,49
124,50
124,51
124,52
124,53
124,54
124,55
124,56
124,63
124,70
124,77
124,84
124,91
124,98
124,105
124,112
124,119
124,126
12,23
12,24
12,25
12,28
12,29
12,30
12,31
12,32
12,35
12,36
12,37
12,38
12,39
12,42
12,43
12,44
12,45
12,46
12,49
12,50
12,51
12,52
12,53
12,56
12,63
12,70
12,77
12,84
12,91
12,98
12,105
12,112
12,119
12,126
197,23
197,24
197,25
197,26
197,27
197,28
197,29
197,30
197,31
197,32
197,33
197,34
197,35
197,36
197,37
197,38
197,39
197,40
197,41
197,42
197,43
197,44
197,45
197,46
197,47
197,48
197,49
197,50
197,51
197,52
197,53
197,54
197,55
197,56
197,63
197,70
197,77
197,84
197,91
197,98
197,105
197,112
197,119
197,126
122,23
122,24
122,25
122,26
122,27
122,28
122,29
122,30
122,31
122,32
122,33
122,34
122,35
122,36
122,37
122,38
122,39
122,40
122,41
122,42
122,43
122,44
122,45
122,46
122,47
122,48
122,49
122,50
122,51
122,52
122,53
122,54
122,55
122,56
122,63
122,70
122,77
122,84
122,91
122,98
122,105
122,112
122,119
122,126
128,23
128,24
128,25
128,26
128,27
128,28
128,29
128,30
128,31
128,32
128,33
128,34
128,35
128,36
128,37
128,38
128,39
128,40
128,41
128,42
128,43
128,44
128,45
128,46
128,47
128,48
128,49
128,50
128,51
128,52
128,53
128,54
128,55
128,56
128,63
128,70
128,77
128,84
128,91
128,98
128,105
128,112
128,119
128,126
179,23
179,24
179,25
179,26
179,27
179,28
179,29
179,30
179,31
179,32
179,33
179,34
179,35
179,36
179,37
179,38
179,39
179,40
179,41
179,42
179,43
179,44
179,45
179,46
179,47
179,48
179,49
179,50
179,51
179,52
179,53
179,54
179,55
179,56
179,63
179,70
179,77
179,84
179,91
179,98
179,105
179,112
179,119
179,126
72,23
72,24
72,25
72,26
72,27
72,28
72,29
72,30
72,31
72,32
72,33
72,34
72,35
72,36
72,37
72,38
72,39
72,40
72,41
72,42
72,43
72,44
72,45
72,46
72,47
72,48
72,49
72,50
72,51
72,52
72,53
72,54
72,55
72,56
72,63
72,70
72,77
72,84
72,91
72,98
72,105
72,112
72,119
72,126
72,23
72,24
72,25
72,26
72,27
72,28
72,29
72,30
72,31
72,32
72,33
72,34
72,35
72,36
72,37
72,38
72,39
72,40
72,41
72,42
72,43
72,44
72,45
72,46
72,47
72,48
72,49
72,50
72,51
72,52
72,53
72,54
72,55
72,56
72,63
72,70
72,77
72,84
72,91
72,98
72,105
72,112
72,119
72,126
72,23
72,24
72,25
72,26
72,27
72,28
72,29
72,30
72,31
72,32
72,33
72,34
72,35
72,36
72,37
72,38
72,39
72,40
72,41
72,42
72,43
72,44
72,45
72,46
72,47
72,48
72,49
72,50
72,51
72,52
72,53
72,54
72,55
72,56
72,63
72,70
72,77
72,84
72,91
72,98
72,105
72,112
72,119
72,126
72,23
72,24
72,25
72,26
72,27
72,28
72,29
72,30
72,31
72,32
72,33
72,34
72,35
72,36
72,37
72,38
72,39
72,40
72,41
72,42
72,43
72,44
72,45
72,46
72,47
72,48
72,49
72,50
72,51
72,52
72,53
72,54
72,55
72,56
72,63
72,70
72,77
72,84
72,91
72,98
72,105
72,112
72,119
72,126
157,23
157,24
157,25
157,26
157,27
157,28
157,29
157,30
157,31
157,32
157,33
157,34
157,35
157,36
157,37
157,38
157,39
157,40
157,41
157,42
157,43
157,44
157,45
157,46
157,47
157,48
157,49
157,50
157,51
157,52
157,53
157,54
157,55
157,56
157,63
157,70
157,77
157,84
157,91
157,98
157,105
157,112
157,119
157,126
162,23
162,24
162,25
162,26
162,27
162,28
162,29
162,30
162,31
162,32
162,33
162,34
162,35
162,36
162,37
162,38
162,39
162,40
162,41
162,42
162,43
162,44
162,45
162,46
162,47
162,48
162,49
162,50
162,51
162,52
162,53
162,54
162,55
162,56
162,63
162,70
162,77
162,84
162,91
162,98
162,105
162,112
162,119
162,126
232,23
232,24
232,25
232,26
232,28
232,29
232,30
232,31
232,32
232,33
232,35
232,36
232,37
232,38
232,39
232,40
232,42
232,43
232,44
232,45
232,46
232,47
232,49
232,50
232,51
232,52
232,53
232,54
232,56
232,63
232,70
232,77
232,84
232,91
232,98
232,105
232,112
232,119
232,126
66,23
66,24
66,25
66,26
66,27
66,28
66,29
66,30
66,31
66,32
66,33
66,34
66,35
66,36
66,37
66,38
66,39
66,40
66,41
66,42
66,43
66,44
66,45
66,46
66,47
66,48
66,49
66,50
66,51
66,52
66,53
66,54
66,55
66,56
66,63
66,70
66,77
66,84
66,91
66,98
66,105
66,112
66,119
66,126
62,23
62,24
62,25
62,26
62,27
62,28
62,29
62,30
62,31
62,32
62,33
62,34
62,35
62,36
62,37
62,38
62,39
62,40
62,41
62,42
62,43
62,44
62,45
62,46
62,47
62,48
62,49
62,50
62,51
62,52
62,53
62,54
62,55
62,56
62,63
62,70
62,77
62,84
62,91
62,98
62,105
62,112
62,119
62,126
237,23
237,24
237,25
237,26
237,27
237,28
237,29
237,30
237,31
237,32
237,33
237,34
237,35
237,36
237,37
237,38
237,39
237,40
237,41
237,42
237,43
237,44
237,45
237,46
237,47
237,48
237,49
237,50
237,51
237,52
237,53
237,54
237,55
237,56
237,63
237,70
237,77
237,84
237,91
237,98
237,105
237,112
237,119
237,126
57,23
57,24
57,25
57,26
57,27
57,28
57,29
57,30
57,31
57,32
57,33
57,34
57,35
57,36
57,37
57,38
57,39
57,40
57,41
57,42
57,43
57,44
57,45
57,46
57,47
57,48
57,49
57,50
57,51
57,52
57,53
57,54
57,55
57,56
57,63
57,70
57,77
57,84
57,91
57,98
57,105
57,112
57,119
57,126
230,23
230,24
230,25
230,26
230,27
230,28
230,29
230,30
230,31
230,32
230,33
230,34
230,35
230,36
230,37
230,38
230,39
230,40
230,41
230,42
230,43
230,44
230,45
230,46
230,47
230,48
230,49
230,50
230,51
230,52
230,53
230,54
230,55
230,56
230,63
230,70
230,77
230,84
230,91
230,98
230,105
230,112
230,119
230,126
101,23
101,24
101,25
101,26
101,27
101,28
101,29
101,30
101,31
101,32
101,33
101,34
101,35
101,36
101,37
101,38
101,39
101,40
101,41
101,42
101,43
101,44
101,45
101,46
101,47
101,48
101,49
101,50
101,51
101,52
101,53
101,54
101,55
101,56
101,63
101,70
101,77
101,84
101,91
101,98
101,105
101,112
101,119
101,126
231,23
231,24
231,25
231,26
231,27
231,28
231,29
231,30
231,31
231,32
231,33
231,34
231,35
231,36
231,37
231,38
231,39
231,40
231,41
231,42
231,43
231,44
231,45
231,46
231,47
231,48
231,49
231,50
231,51
231,52
231,53
231,54
231,55
231,56
231,63
231,70
231,77
231,84
231,91
231,98
231,105
231,112
231,119
231,126
96,23
96,24
96,25
96,26
96,27
96,28
96,29
96,30
96,31
96,32
96,33
96,34
96,35
96,36
96,37
96,38
96,39
96,40
96,41
96,42
96,43
96,44
96,45
96,46
96,47
96,48
96,49
96,50
96,51
96,52
96,53
96,54
96,55
96,56
96,63
96,70
96,77
96,84
96,91
96,98
96,105
96,112
96,119
96,126
213,23
213,24
213,25
213,26
213,27
213,28
213,29
213,30
213,31
213,32
213,33
213,34
213,35
213,36
213,37
213,38
213,39
213,40
213,41
213,42
213,43
213,44
213,45
213,46
213,47
213,48
213,49
213,50
213,51
213,52
213,53
213,54
213,55
213,56
213,63
213,70
213,77
213,84
213,91
213,98
213,105
213,112
213,119
213,126
142,23
142,24
142,25
142,26
142,27
142,28
142,29
142,30
142,31
142,32
142,33
142,34
142,35
142,36
142,37
142,38
142,39
142,40
142,41
142,42
142,43
142,44
142,45
142,46
142,47
142,48
142,49
142,50
142,51
142,52
142,53
142,54
142,55
142,56
142,63
142,70
142,77
142,84
142,91
142,98
142,105
142,112
142,119
142,126
9,23
9,24
9,25
9,28
9,29
9,30
9,31
9,32
9,35
9,36
9,37
9,38
9,39
9,42
9,43
9,44
9,45
9,46
9,49
9,50
9,51
9,52
9,53
9,56
9,63
9,70
9,77
9,84
9,91
9,98
9,105
9,112
9,119
9,126
220,23
220,24
220,25
220,26
220,27
220,28
220,29
220,30
220,31
220,32
220,33
220,34
220,35
220,36
220,37
220,38
220,39
220,40
220,41
220,42
220,43
220,44
220,45
220,46
220,47
220,48
220,49
220,50
220,51
220,52
220,53
220,54
220,55
220,56
220,63
220,70
220,77
220,84
220,91
220,98
220,105
220,112
220,119
220,126
181,23
181,24
181,25
181,26
181,27
181,28
181,29
181,30
181,31
181,32
181,33
181,34
181,35
181,36
181,37
181,38
181,39
181,40
181,41
181,42
181,43
181,44
181,45
181,46
181,47
181,48
181,49
181,50
181,51
181,52
181,53
181,54
181,55
181,56
181,63
181,70
181,77
181,84
181,91
181,98
181,105
181,112
181,119
181,126
125,23
125,24
125,25
125,26
125,27
125,28
125,29
125,30
125,31
125,32
125,33
125,34
125,35
125,36
125,37
125,38
125,39
125,40
125,41
125,42
125,43
125,44
125,45
125,46
125,47
125,48
125,49
125,50
125,51
125,52
125,53
125,54
125,55
125,56
125,63
125,70
125,77
125,84
125,91
125,98
125,105
125,112
125,119
125,126
23,23
23,24
23,25
23,26
23,27
23,28
23,29
23,30
23,31
23,32
23,33
23,34
23,35
23,36
23,37
23,38
23,39
23,40
23,41
23,42
23,43
23,44
23,45
23,46
23,47
23,48
23,49
23,50
23,51
23,52
23,53
23,54
23,55
23,56
23,63
23,70
23,77
23,84
23,91
23,98
23,105
23,112
23,119
23,126
6,23
6,24
6,25
6,26
6,27
6,28
6,29
6,30
6,31
6,32
6,33
6,34
6,35
6,36
6,37
6,38
6,39
6,40
6,41
6,42
6,43
6,44
6,45
6,46
6,47
6,48
6,49
6,50
6,51
6,52
6,53
6,54
6,55
6,56
6,63
6,70
6,77
6,84
6,91
6,98
6,105
6,112
6,119
6,126
115,23
115,24
115,25
115,28
115,29
115,30
115,31
115,32
115,33
115,35
115,36
115,37
115,38
115,39
115,40
115,42
115,43
115,44
115,45
115,46
115,47
115,49
115,50
115,51
115,52
115,53
115,54
115,56
115,63
115,70
115,77
115,84
115,91
115,98
115,105
115,112
115,119
115,126
74,23
74,24
74,25
74,26
74,27
74,28
74,29
74,30
74,31
74,32
74,33
74,34
74,35
74,36
74,37
74,38
74,39
74,40
74,41
74,42
74,43
74,44
74,45
74,46
74,47
74,48
74,49
74,50
74,51
74,52
74,53
74,54
74,55
74,56
74,63
74,70
74,77
74,84
74,91
74,98
74,105
74,112
74,119
74,126
50,23
50,24
50,25
50,26
50,27
50,28
50,29
50,30
50,31
50,32
50,33
50,34
50,35
50,36
50,37
50,38
50,39
50,40
50,41
50,42
50,43
50,44
50,45
50,46
50,47
50,48
50,49
50,50
50,51
50,52
50,53
50,54
50,55
50,56
50,63
50,70
50,77
50,84
50,91
50,98
50,105
50,112
50,119
50,126
163,23
163,24
163,25
163,26
163,27
163,28
163,29
163,30
163,31
163,32
163,33
163,34
163,35
163,36
163,37
163,38
163,39
163,40
163,41
163,42
163,43
163,44
163,45
163,46
163,47
163,48
163,49
163,50
163,51
163,52
163,53
163,54
163,55
163,56
163,63
163,70
163,77
163,84
163,91
163,98
163,105
163,112
163,119
163,126
71,23
71,24
71,25
71,26
71,27
71,28
71,29
71,30
71,31
71,32
71,33
71,34
71,35
71,36
71,37
71,38
71,39
71,40
71,41
71,42
71,43
71,44
71,45
71,46
71,47
71,48
71,49
71,50
71,51
71,52
71,53
71,54
71,55
71,56
71,63
71,70
71,77
71,84
71,91
71,98
71,105
71,112
71,119
71,126
71,23
71,24
71,25
71,26
71,27
71,28
71,29
71,30
71,31
71,32
71,33
71,34
71,35
71,36
71,37
71,38
71,39
71,40
71,41
71,42
71,43
71,44
71,45
71,46
71,47
71,48
71,49
71,50
71,51
71,52
71,53
71,54
71,55
71,56
71,63
71,70
71,77
71,84
71,91
71,98
71,105
71,112
71,119
71,126
71,23
71,24
71,25
71,26
71,27
71,28
71,29
71,30
71,31
71,32
71,33
71,34
71,35
71,36
71,37
71,38
71,39
71,40
71,41
71,42
71,43
71,44
71,45
71,46
71,47
71,48
71,49
71,50
71,51
71,52
71,53
71,54
71,55
71,56
71,63
71,70
71,77
71,84
71,91
71,98
71,105
71,112
71,119
71,126
71,23
71,24
71,25
71,26
71,27
71,28
71,29
71,30
71,31
71,32
71,33
71,34
71,35
71,36
71,37
71,38
71,39
71,40
71,41
71,42
71,43
71,44
71,45
71,46
71,47
71,48
71,49
71,50
71,51
71,52
71,53
71,54
71,55
71,56
71,63
71,70
71,77
71,84
71,91
71,98
71,105
71,112
71,119
71,126
71,23
71,24
71,25
71,26
71,27
71,28
71,29
71,30
71,31
71,32
71,33
71,34
71,35
71,36
71,37
71,38
71,39
71,40
71,41
71,42
71,43
71,44
71,45
71,46
71,47
71,48
71,49
71,50
71,51
71,52
71,53
71,54
71,55
71,56
71,63
71,70
71,77
71,84
71,91
71,98
71,105
71,112
71,119
71,126
71,23
71,24
71,25
71,26
71,27
71,28
71,29
71,30
71,31
71,32
71,33
71,34
71,35
71,36
71,37
71,38
71,39
71,40
71,41
71,42
71,43
71,44
71,45
71,46
71,47
71,48
71,49
71,50
71,51
71,52
71,53
71,54
71,55
71,56
71,63
71,70
71,77
71,84
71,91
71,98
71,105
71,112
71,119
71,126
78,23
78,24
78,25
78,26
78,27
78,28
78,29
78,30
78,31
78,32
78,33
78,34
78,35
78,36
78,37
78,38
78,39
78,40
78,41
78,42
78,43
78,44
78,45
78,46
78,47
78,48
78,49
78,50
78,51
78,52
78,53
78,54
78,55
78,56
78,63
78,70
78,77
78,84
78,91
78,98
78,105
78,112
78,119
78,126
205,23
205,24
205,25
205,26
205,27
205,28
205,29
205,30
205,31
205,32
205,33
205,34
205,35
205,36
205,37
205,38
205,39
205,40
205,41
205,42
205,43
205,44
205,45
205,46
205,47
205,48
205,49
205,50
205,51
205,52
205,53
205,54
205,55
205,56
205,63
205,70
205,77
205,84
205,91
205,98
205,105
205,112
205,119
205,126
228,23
228,24
228,25
228,26
228,27
228,28
228,29
228,30
228,31
228,32
228,33
228,34
228,35
228,36
228,37
228,38
228,39
228,40
228,41
228,42
228,43
228,44
228,45
228,46
228,47
228,48
228,49
228,50
228,51
228,52
228,53
228,54
228,55
228,56
228,63
228,70
228,77
228,84
228,91
228,98
228,105
228,112
228,119
228,126
93,23
93,24
93,25
93,26
93,27
93,28
93,29
93,30
93,31
93,32
93,33
93,34
93,35
93,36
93,37
93,38
93,39
93,40
93,41
93,42
93,43
93,44
93,45
93,46
93,47
93,48
93,49
93,50
93,51
93,52
93,53
93,54
93,55
93,56
93,63
93,70
93,77
93,84
93,91
93,98
93,105
93,112
93,119
93,126
183,23
183,24
183,25
183,26
183,27
183,28
183,29
183,30
183,31
183,32
183,33
183,34
183,35
183,36
183,37
183,38
183,39
183,40
183,41
183,42
183,43
183,44
183,45
183,46
183,47
183,48
183,49
183,50
183,51
183,52
183,53
183,54
183,55
183,56
183,63
183,70
183,77
183,84
183,91
183,98
183,105
183,112
183,119
183,126
223,23
223,24
223,25
223,26
223,27
223,28
223,29
223,30
223,31
223,32
223,33
223,34
223,35
223,36
223,37
223,38
223,39
223,40
223,41
223,42
223,43
223,44
223,45
223,46
223,47
223,48
223,49
223,50
223,51
223,52
223,53
223,54
223,55
223,56
223,63
223,70
223,77
223,84
223,91
223,98
223,105
223,112
223,119
223,126
185,23
185,24
185,25
185,26
185,27
185,28
185,29
185,30
185,31
185,32
185,33
185,34
185,35
185,36
185,37
185,38
185,39
185,40
185,41
185,42
185,43
185,44
185,45
185,46
185,47
185,48
185,49
185,50
185,51
185,52
185,53
185,54
185,55
185,56
185,63
185,70
185,77
185,84
185,91
185,98
185,105
185,112
185,119
185,126
39,23
39,24
39,25
39,26
39,27
39,28
39,29
39,30
39,31
39,32
39,33
39,34
39,35
39,36
39,37
39,38
39,39
39,40
39,41
39,42
39,43
39,44
39,45
39,46
39,47
39,48
39,49
39,50
39,51
39,52
39,53
39,54
39,55
39,56
39,63
39,70
39,77
39,84
39,91
39,98
39,105
39,112
39,119
39,126
90,23
90,24
90,25
90,26
90,27
90,28
90,29
90,30
90,31
90,32
90,33
90,34
90,35
90,36
90,37
90,38
90,39
90,40
90,41
90,42
90,43
90,44
90,45
90,46
90,47
90,48
90,49
90,50
90,51
90,52
90,53
90,54
90,55
90,56
90,63
90,70
90,77
90,84
90,91
90,98
90,105
90,112
90,119
90,126
107,23
107,24
107,25
107,26
107,27
107,28
107,29
107,30
107,31
107,32
107,33
107,34
107,35
107,36
107,37
107,38
107,39
107,40
107,41
107,42
107,43
107,44
107,45
107,46
107,47
107,48
107,49
107,50
107,51
107,52
107,53
107,54
107,55
107,56
107,63
107,70
107,77
107,84
107,91
107,98
107,105
107,112
107,119
107,126
221,23
221,24
221,25
221,26
221,27
221,28
221,29
221,30
221,31
221,32
221,33
221,34
221,35
221,36
221,37
221,38
221,39
221,40
221,41
221,42
221,43
221,44
221,45
221,46
221,47
221,48
221,49
221,50
221,51
221,52
221,53
221,54
221,55
221,56
221,63
221,70
221,77
221,84
221,91
221,98
221,105
221,112
221,119
221,126
182,23
182,24
182,25
182,26
182,27
182,28
182,29
182,30
182,31
182,32
182,33
182,34
182,35
182,36
182,37
182,38
182,39
182,40
182,41
182,42
182,43
182,44
182,45
182,46
182,47
182,48
182,49
182,50
182,51
182,52
182,53
182,54
182,55
182,56
182,63
182,70
182,77
182,84
182,91
182,98
182,105
182,112
182,119
182,126
16,23
16,24
16,25
16,28
16,29
16,30
16,31
16,32
16,35
16,36
16,37
16,38
16,39
16,42
16,43
16,44
16,45
16,46
16,49
16,50
16,51
16,52
16,53
16,56
16,63
16,70
16,77
16,84
16,91
16,98
16,105
16,112
16,119
16,126
194,23
194,24
194,25
194,26
194,27
194,28
194,29
194,30
194,31
194,32
194,33
194,34
194,35
194,36
194,37
194,38
194,39
194,40
194,41
194,42
194,43
194,44
194,45
194,46
194,47
194,48
194,49
194,50
194,51
194,52
194,53
194,54
194,55
194,56
194,63
194,70
194,77
194,84
194,91
194,98
194,105
194,112
194,119
194,126
129,23
129,24
129,25
129,26
129,27
129,28
129,29
129,30
129,31
129,32
129,33
129,34
129,35
129,36
129,37
129,38
129,39
129,40
129,41
129,42
129,43
129,44
129,45
129,46
129,47
129,48
129,49
129,50
129,51
129,52
129,53
129,54
129,55
129,56
129,63
129,70
129,77
129,84
129,91
129,98
129,105
129,112
129,119
129,126
199,23
199,24
199,25
199,26
199,27
199,28
199,29
199,30
199,31
199,32
199,33
199,34
199,35
199,36
199,37
199,38
199,39
199,40
199,41
199,42
199,43
199,44
199,45
199,46
199,47
199,48
199,49
199,50
199,51
199,52
199,53
199,54
199,55
199,56
199,63
199,70
199,77
199,84
199,91
199,98
199,105
199,112
199,119
199,126
144,23
144,24
144,25
144,26
144,27
144,28
144,29
144,30
144,31
144,32
144,33
144,34
144,35
144,36
144,37
144,38
144,39
144,40
144,41
144,42
144,43
144,44
144,45
144,46
144,47
144,48
144,49
144,50
144,51
144,52
144,53
144,54
144,55
144,56
144,63
144,70
144,77
144,84
144,91
144,98
144,105
144,112
144,119
144,126
216,23
216,24
216,25
216,26
216,27
216,28
216,29
216,30
216,31
216,32
216,33
216,34
216,35
216,36
216,37
216,38
216,39
216,40
216,41
216,42
216,43
216,44
216,45
216,46
216,47
216,48
216,49
216,50
216,51
216,52
216,53
216,54
216,55
216,56
216,63
216,70
216,77
216,84
216,91
216,98
216,105
216,112
216,119
216,126
117,23
117,24
117,25
117,26
117,27
117,28
117,29
117,30
117,31
117,32
117,33
117,34
117,35
117,36
117,37
117,38
117,39
117,40
117,41
117,42
117,43
117,44
117,45
117,46
117,47
117,48
117,49
117,50
117,51
117,52
117,53
117,54
117,55
117,56
117,63
117,70
117,77
117,84
117,91
117,98
117,105
117,112
117,119
117,126
224,23
224,24
224,25
224,26
224,27
224,28
224,29
224,30
224,31
224,32
224,33
224,34
224,35
224,36
224,37
224,38
224,39
224,40
224,41
224,42
224,43
224,44
224,45
224,46
224,47
224,48
224,49
224,50
224,51
224,52
224,53
224,54
224,55
224,56
224,63
224,70
224,77
224,84
224,91
224,98
224,105
224,112
224,119
224,126
170,23
170,24
170,25
170,28
170,29
170,30
170,31
170,32
170,35
170,36
170,37
170,38
170,39
170,42
170,43
170,44
170,45
170,46
170,49
170,50
170,51
170,52
170,53
170,56
170,63
170,70
170,77
170,84
170,91
170,98
170,105
170,112
170,119
170,126
3,23
3,24
3,25
3,26
3,28
3,29
3,30
3,31
3,32
3,33
3,35
3,36
3,37
3,38
3,39
3,40
3,42
3,43
3,44
3,45
3,46
3,47
3,49
3,50
3,51
3,52
3,53
3,54
3,56
3,63
3,70
3,77
3,84
3,91
3,98
3,105
3,112
3,119
3,126
149,23
149,24
149,25
149,26
149,27
149,28
149,29
149,30
149,31
149,32
149,33
149,34
149,35
149,36
149,37
149,38
149,39
149,40
149,41
149,42
149,43
149,44
149,45
149,46
149,47
149,48
149,49
149,50
149,51
149,52
149,53
149,54
149,55
149,56
149,63
149,70
149,77
149,84
149,91
149,98
149,105
149,112
149,119
149,126
222,23
222,24
222,25
222,26
222,27
222,28
222,29
222,30
222,31
222,32
222,33
222,34
222,35
222,36
222,37
222,38
222,39
222,40
222,41
222,42
222,43
222,44
222,45
222,46
222,47
222,48
222,49
222,50
222,51
222,52
222,53
222,54
222,55
222,56
222,63
222,70
222,77
222,84
222,91
222,98
222,105
222,112
222,119
222,126
68,23
68,24
68,25
68,26
68,27
68,28
68,29
68,30
68,31
68,32
68,33
68,34
68,35
68,36
68,37
68,38
68,39
68,40
68,41
68,42
68,43
68,44
68,45
68,46
68,47
68,48
68,49
68,50
68,51
68,52
68,53
68,54
68,55
68,56
68,63
68,70
68,77
68,84
68,91
68,98
68,105
68,112
68,119
68,126
202,23
202,24
202,25
202,26
202,27
202,28
202,29
202,30
202,31
202,32
202,33
202,34
202,35
202,36
202,37
202,38
202,39
202,40
202,41
202,42
202,43
202,44
202,45
202,46
202,47
202,48
202,49
202,50
202,51
202,52
202,53
202,54
202,55
202,56
202,63
202,70
202,77
202,84
202,91
202,98
202,105
202,112
202,119
202,126
2,23
2,24
2,25
2,26
2,27
2,28
2,29
2,30
2,31
2,32
2,33
2,34
2,35
2,36
2,37
2,38
2,39
2,40
2,41
2,42
2,43
2,44
2,45
2,46
2,47
2,48
2,49
2,50
2,51
2,52
2,53
2,54
2,55
2,56
2,63
2,70
2,77
2,84
2,91
2,98
2,105
2,112
2,119
2,126
126,23
126,24
126,25
126,26
126,27
126,28
126,29
126,30
126,31
126,32
126,33
126,34
126,35
126,36
126,37
126,38
126,39
126,40
126,41
126,42
126,43
126,44
126,45
126,46
126,47
126,48
126,49
126,50
126,51
126,52
126,53
126,54
126,55
126,56
126,63
126,70
126,77
126,84
126,91
126,98
126,105
126,112
126,119
126,126
123,23
123,24
123,25
123,26
123,27
123,28
123,29
123,30
123,31
123,32
123,33
123,35
123,36
123,37
123,38
123,39
123,40
123,42
123,43
123,44
123,45
123,46
123,47
123,49
123,50
123,51
123,52
123,53
123,54
123,56
123,63
123,70
123,77
123,84
123,91
123,98
123,105
123,112
123,119
123,126
195,23
195,24
195,25
195,26
195,27
195,28
195,29
195,30
195,31
195,32
195,33
195,34
195,35
195,36
195,37
195,38
195,39
195,40
195,41
195,42
195,43
195,44
195,45
195,46
195,47
195,48
195,49
195,50
195,51
195,52
195,53
195,54
195,55
195,56
195,63
195,70
195,77
195,84
195,91
195,98
195,105
195,112
195,119
195,126
48,23
48,24
48,25
48,26
48,27
48,28
48,29
48,30
48,31
48,32
48,33
48,34
48,35
48,36
48,37
48,38
48,39
48,40
48,41
48,42
48,43
48,44
48,45
48,46
48,47
48,48
48,49
48,50
48,51
48,52
48,53
48,54
48,55
48,56
48,63
48,70
48,77
48,84
48,91
48,98
48,105
48,112
48,119
48,126
37,23
37,24
37,25
37,26
37,27
37,28
37,29
37,30
37,31
37,32
37,33
37,34
37,35
37,36
37,37
37,38
37,39
37,40
37,41
37,42
37,43
37,44
37,45
37,46
37,47
37,48
37,49
37,50
37,51
37,52
37,53
37,54
37,55
37,56
37,63
37,70
37,77
37,84
37,91
37,98
37,105
37,112
37,119
37,126
200,23
200,24
200,25
200,26
200,28
200,29
200,30
200,31
200,32
200,33
200,35
200,36
200,37
200,38
200,39
200,40
200,42
200,43
200,44
200,45
200,46
200,47
200,49
200,50
200,51
200,52
200,53
200,54
200,56
200,63
200,70
200,77
200,84
200,91
200,98
200,105
200,112
200,119
200,126
139,23
139,24
139,25
139,26
139,28
139,29
139,30
139,31
139,32
139,33
139,35
139,36
139,37
139,38
139,39
139,40
139,42
139,43
139,44
139,45
139,46
139,47
139,49
139,50
139,51
139,52
139,53
139,54
139,56
139,63
139,70
139,77
139,84
139,91
139,98
139,105
139,112
139,119
139,126
192,23
192,24
192,25
192,26
192,27
192,28
192,29
192,30
192,31
192,32
192,33
192,34
192,35
192,36
192,37
192,38
192,39
192,40
192,41
192,42
192,43
192,44
192,45
192,46
192,47
192,48
192,49
192,50
192,51
192,52
192,53
192,54
192,55
192,56
192,63
192,70
192,77
192,84
192,91
192,98
192,105
192,112
192,119
192,126
165,23
165,24
165,25
165,26
165,27
165,28
165,29
165,30
165,31
165,32
165,33
165,34
165,35
165,36
165,37
165,38
165,39
165,40
165,41
165,42
165,43
165,44
165,45
165,46
165,47
165,48
165,49
165,50
165,51
165,52
165,53
165,54
165,55
165,56
165,63
165,70
165,77
165,84
165,91
165,98
165,105
165,112
165,119
165,126
151,23
151,24
151,25
151,26
151,27
151,28
151,29
151,30
151,31
151,32
151,33
151,34
151,35
151,36
151,37
151,38
151,39
151,40
151,41
151,42
151,43
151,44
151,45
151,46
151,47
151,48
151,49
151,50
151,51
151,52
151,53
151,54
151,55
151,56
151,63
151,70
151,77
151,84
151,91
151,98
151,105
151,112
151,119
151,126
52,23
52,24
52,25
52,26
52,27
52,28
52,29
52,30
52,31
52,32
52,33
52,34
52,35
52,36
52,37
52,38
52,39
52,40
52,41
52,42
52,43
52,44
52,45
52,46
52,47
52,48
52,49
52,50
52,51
52,52
52,53
52,54
52,55
52,56
52,63
52,70
52,77
52,84
52,91
52,98
52,105
52,112
52,119
52,126
119,23
119,24
119,25
119,26
119,28
119,29
119,30
119,31
119,32
119,33
119,35
119,36
119,37
119,38
119,39
119,40
119,42
119,43
119,44
119,45
119,46
119,47
119,49
119,50
119,51
119,52
119,53
119,54
119,56
119,63
119,70
119,77
119,84
119,91
119,98
119,105
119,112
119,119
119,126
5,23
5,24
5,25
5,26
5,27
5,28
5,29
5,30
5,31
5,32
5,33
5,34
5,35
5,36
5,37
5,38
5,39
5,40
5,41
5,42
5,43
5,44
5,45
5,46
5,47
5,48
5,49
5,50
5,51
5,52
5,53
5,54
5,55
5,56
5,63
5,70
5,77
5,84
5,91
5,98
5,105
5,112
5,119
5,126
193,23
193,24
193,25
193,26
193,27
193,28
193,29
193,30
193,31
193,32
193,33
193,34
193,35
193,36
193,37
193,38
193,39
193,40
193,41
193,42
193,43
193,44
193,45
193,46
193,47
193,48
193,49
193,50
193,51
193,52
193,53
193,54
193,55
193,56
193,63
193,70
193,77
193,84
193,91
193,98
193,105
193,112
193,119
193,126
208,23
208,24
208,25
208,26
208,27
208,28
208,29
208,30
208,31
208,32
208,33
208,34
208,35
208,36
208,37
208,38
208,39
208,40
208,41
208,42
208,43
208,44
208,45
208,46
208,47
208,48
208,49
208,50
208,51
208,52
208,53
208,54
208,55
208,56
208,63
208,70
208,77
208,84
208,91
208,98
208,105
208,112
208,119
208,126
175,23
175,24
175,25
175,26
175,27
175,28
175,29
175,30
175,31
175,32
175,33
175,34
175,35
175,36
175,37
175,38
175,39
175,40
175,41
175,42
175,43
175,44
175,45
175,46
175,47
175,48
175,49
175,50
175,51
175,52
175,53
175,54
175,55
175,56
175,63
175,70
175,77
175,84
175,91
175,98
175,105
175,112
175,119
175,126
86,23
86,24
86,25
86,26
86,27
86,28
86,29
86,30
86,31
86,32
86,33
86,35
86,36
86,37
86,38
86,39
86,40
86,42
86,43
86,44
86,45
86,46
86,47
86,49
86,50
86,51
86,52
86,53
86,54
86,56
86,63
86,70
86,77
86,84
86,91
86,98
86,105
86,112
86,119
86,126
46,23
46,24
46,25
46,26
46,28
46,29
46,30
46,31
46,32
46,33
46,35
46,36
46,37
46,38
46,39
46,40
46,42
46,43
46,44
46,45
46,46
46,47
46,49
46,50
46,51
46,52
46,53
46,54
46,56
46,63
46,70
46,77
46,84
46,91
46,98
46,105
46,112
46,119
46,126
38,23
38,24
38,25
38,26
38,27
38,28
38,29
38,30
38,31
38,32
38,33
38,34
38,35
38,36
38,37
38,38
38,39
38,40
38,41
38,42
38,43
38,44
38,45
38,46
38,47
38,48
38,49
38,50
38,51
38,52
38,53
38,54
38,55
38,56
38,63
38,70
38,77
38,84
38,91
38,98
38,105
38,112
38,119
38,126
133,23
133,24
133,25
133,26
133,27
133,28
133,29
133,30
133,31
133,32
133,33
133,34
133,35
133,36
133,37
133,38
133,39
133,40
133,41
133,42
133,43
133,44
133,45
133,46
133,47
133,48
133,49
133,50
133,51
133,52
133,53
133,54
133,55
133,56
133,63
133,70
133,77
133,84
133,91
133,98
133,105
133,112
133,119
133,126
158,23
158,24
158,25
158,26
158,28
158,29
158,30
158,31
158,32
158,35
158,36
158,37
158,38
158,39
158,42
158,43
158,44
158,45
158,46
158,49
158,50
158,51
158,52
158,53
158,56
158,63
158,70
158,77
158,84
158,91
158,98
158,105
158,112
158,119
158,126
241,23
241,24
241,25
241,26
241,27
241,28
241,29
241,30
241,31
241,32
241,33
241,34
241,35
241,36
241,37
241,38
241,39
241,40
241,41
241,42
241,43
241,44
241,45
241,46
241,47
241,48
241,49
241,50
241,51
241,52
241,53
241,54
241,55
241,56
241,63
241,70
241,77
241,84
241,91
241,98
241,105
241,112
241,119
241,126
131,23
131,24
131,25
131,26
131,27
131,28
131,29
131,30
131,31
131,32
131,33
131,34
131,35
131,36
131,37
131,38
131,39
131,40
131,41
131,42
131,43
131,44
131,45
131,46
131,47
131,48
131,49
131,50
131,51
131,52
131,53
131,54
131,55
131,56
131,63
131,70
131,77
131,84
131,91
131,98
131,105
131,112
131,119
131,126
209,23
209,24
209,25
209,26
209,27
209,28
209,29
209,30
209,31
209,32
209,33
209,34
209,35
209,36
209,37
209,38
209,39
209,40
209,41
209,42
209,43
209,44
209,45
209,46
209,47
209,48
209,49
209,50
209,51
209,52
209,53
209,54
209,55
209,56
209,63
209,70
209,77
209,84
209,91
209,98
209,105
209,112
209,119
209,126
236,23
236,24
236,25
236,26
236,27
236,28
236,29
236,30
236,31
236,32
236,33
236,34
236,35
236,36
236,37
236,38
236,39
236,40
236,41
236,42
236,43
236,44
236,45
236,46
236,47
236,48
236,49
236,50
236,51
236,52
236,53
236,54
236,55
236,56
236,63
236,70
236,77
236,84
236,91
236,98
236,105
236,112
236,119
236,126
97,23
97,24
97,25
97,26
97,27
97,28
97,29
97,30
97,31
97,32
97,33
97,34
97,35
97,36
97,37
97,38
97,39
97,40
97,41
97,42
97,43
97,44
97,45
97,46
97,47
97,48
97,49
97,50
97,51
97,52
97,53
97,54
97,55
97,56
97,63
97,70
97,77
97,84
97,91
97,98
97,105
97,112
97,119
97,126
172,23
172,24
172,25
172,26
172,27
172,28
172,29
172,30
172,31
172,32
172,33
172,34
172,35
172,36
172,37
172,38
172,39
172,40
172,41
172,42
172,43
172,44
172,45
172,46
172,47
172,48
172,49
172,50
172,51
172,52
172,53
172,54
172,55
172,56
172,63
172,70
172,77
172,84
172,91
172,98
172,105
172,112
172,119
172,126
233,23
233,24
233,25
233,26
233,27
233,28
233,29
233,30
233,31
233,32
233,33
233,34
233,35
233,36
233,37
233,38
233,39
233,40
233,41
233,42
233,43
233,44
233,45
233,46
233,47
233,48
233,49
233,50
233,51
233,52
233,53
233,54
233,55
233,56
233,63
233,70
233,77
233,84
233,91
233,98
233,105
233,112
233,119
233,126
114,23
114,24
114,25
114,28
114,29
114,30
114,31
114,32
114,33
114,35
114,36
114,37
114,38
114,39
114,40
114,42
114,43
114,44
114,45
114,46
114,47
114,49
114,50
114,51
114,52
114,53
114,54
114,56
114,63
114,70
114,77
114,84
114,91
114,98
114,105
114,112
114,119
114,126
44,23
44,24
44,25
44,28
44,29
44,30
44,31
44,32
44,33
44,35
44,36
44,37
44,38
44,39
44,40
44,42
44,43
44,44
44,45
44,46
44,47
44,49
44,50
44,51
44,52
44,53
44,54
44,56
44,63
44,70
44,77
44,84
44,91
44,98
44,105
44,112
44,119
44,126
65,23
65,24
65,25
65,26
65,27
65,28
65,29
65,30
65,31
65,32
65,33
65,34
65,35
65,36
65,37
65,38
65,39
65,40
65,41
65,42
65,43
65,44
65,45
65,46
65,47
65,48
65,49
65,50
65,51
65,52
65,53
65,54
65,55
65,56
65,63
65,70
65,77
65,84
65,91
65,98
65,105
65,112
65,119
65,126
243,23
243,24
243,25
243,26
243,27
243,28
243,29
243,30
243,31
243,32
243,33
243,34
243,35
243,36
243,37
243,38
243,39
243,40
243,41
243,42
243,43
243,44
243,45
243,46
243,47
243,48
243,49
243,50
243,51
243,52
243,53
243,54
243,55
243,56
243,63
243,70
243,77
243,84
243,91
243,98
243,105
243,112
243,119
243,126
121,23
121,24
121,25
121,26
121,27
121,28
121,29
121,30
121,31
121,32
121,33
121,34
121,35
121,36
121,37
121,38
121,39
121,40
121,41
121,42
121,43
121,44
121,45
121,46
121,47
121,48
121,49
121,50
121,51
121,52
121,53
121,54
121,55
121,56
121,63
121,70
121,77
121,84
121,91
121,98
121,105
121,112
121,119
121,126
159,23
159,24
159,25
159,26
159,27
159,28
159,29
159,30
159,31
159,32
159,33
159,34
159,35
159,36
159,37
159,38
159,39
159,40
159,41
159,42
159,43
159,44
159,45
159,46
159,47
159,48
159,49
159,50
159,51
159,52
159,53
159,54
159,55
159,56
159,63
159,70
159,77
159,84
159,91
159,98
159,105
159,112
159,119
159,126
217,23
217,24
217,25
217,26
217,27
217,28
217,29
217,30
217,31
217,32
217,33
217,34
217,35
217,36
217,37
217,38
217,39
217,40
217,41
217,42
217,43
217,44
217,45
217,46
217,47
217,48
217,49
217,50
217,51
217,52
217,53
217,54
217,55
217,56
217,63
217,70
217,77
217,84
217,91
217,98
217,105
217,112
217,119
217,126
53,23
53,24
53,25
53,26
53,27
53,28
53,29
53,30
53,31
53,32
53,33
53,34
53,35
53,36
53,37
53,38
53,39
53,40
53,41
53,42
53,43
53,44
53,45
53,46
53,47
53,48
53,49
53,50
53,51
53,52
53,53
53,54
53,55
53,56
53,63
53,70
53,77
53,84
53,91
53,98
53,105
53,112
53,119
53,126
211,23
211,24
211,25
211,26
211,27
211,28
211,29
211,30
211,31
211,32
211,33
211,34
211,35
211,36
211,37
211,38
211,39
211,40
211,41
211,42
211,43
211,44
211,45
211,46
211,47
211,48
211,49
211,50
211,51
211,52
211,53
211,54
211,55
211,56
211,63
211,70
211,77
211,84
211,91
211,98
211,105
211,112
211,119
211,126
137,23
137,24
137,25
137,26
137,27
137,28
137,29
137,30
137,31
137,32
137,33
137,34
137,35
137,36
137,37
137,38
137,39
137,40
137,41
137,42
137,43
137,44
137,45
137,46
137,47
137,48
137,49
137,50
137,51
137,52
137,53
137,54
137,55
137,56
137,63
137,70
137,77
137,84
137,91
137,98
137,105
137,112
137,119
137,126
191,23
191,24
191,25
191,26
191,27
191,28
191,29
191,30
191,31
191,32
191,33
191,34
191,35
191,36
191,37
191,38
191,39
191,40
191,41
191,42
191,43
191,44
191,45
191,46
191,47
191,48
191,49
191,50
191,51
191,52
191,53
191,54
191,55
191,56
191,63
191,70
191,77
191,84
191,91
191,98
191,105
191,112
191,119
191,126
79,23
79,24
79,25
79,26
79,27
79,28
79,29
79,30
79,31
79,32
79,33
79,34
79,35
79,36
79,37
79,38
79,39
79,40
79,41
79,42
79,43
79,44
79,45
79,46
79,47
79,48
79,49
79,50
79,51
79,52
79,53
79,54
79,55
79,56
79,63
79,70
79,77
79,84
79,91
79,98
79,105
79,112
79,119
79,126
79,23
79,24
79,25
79,26
79,27
79,28
79,29
79,30
79,31
79,32
79,33
79,34
79,35
79,36
79,37
79,38
79,39
79,40
79,41
79,42
79,43
79,44
79,45
79,46
79,47
79,48
79,49
79,50
79,51
79,52
79,53
79,54
79,55
79,56
79,63
79,70
79,77
79,84
79,91
79,98
79,105
79,112
79,119
79,126
79,23
79,24
79,25
79,26
79,27
79,28
79,29
79,30
79,31
79,32
79,33
79,34
79,35
79,36
79,37
79,38
79,39
79,40
79,41
79,42
79,43
79,44
79,45
79,46
79,47
79,48
79,49
79,50
79,51
79,52
79,53
79,54
79,55
79,56
79,63
79,70
79,77
79,84
79,91
79,98
79,105
79,112
79,119
79,126
79,23
79,24
79,25
79,26
79,27
79,28
79,29
79,30
79,31
79,32
79,33
79,34
79,35
79,36
79,37
79,38
79,39
79,40
79,41
79,42
79,43
79,44
79,45
79,46
79,47
79,48
79,49
79,50
79,51
79,52
79,53
79,54
79,55
79,56
79,63
79,70
79,77
79,84
79,91
79,98
79,105
79,112
79,119
79,126
79,23
79,24
79,25
79,26
79,27
79,28
79,29
79,30
79,31
79,32
79,33
79,34
79,35
79,36
79,37
79,38
79,39
79,40
79,41
79,42
79,43
79,44
79,45
79,46
79,47
79,48
79,49
79,50
79,51
79,52
79,53
79,54
79,55
79,56
79,63
79,70
79,77
79,84
79,91
79,98
79,105
79,112
79,119
79,126
79,23
79,24
79,25
79,26
79,27
79,28
79,29
79,30
79,31
79,32
79,33
79,34
79,35
79,36
79,37
79,38
79,39
79,40
79,41
79,42
79,43
79,44
79,45
79,46
79,47
79,48
79,49
79,50
79,51
79,52
79,53
79,54
79,55
79,56
79,63
79,70
79,77
79,84
79,91
79,98
79,105
79,112
79,119
79,126
79,23
79,24
79,25
79,26
79,27
79,28
79,29
79,30
79,31
79,32
79,33
79,34
79,35
79,36
79,37
79,38
79,39
79,40
79,41
79,42
79,43
79,44
79,45
79,46
79,47
79,48
79,49
79,50
79,51
79,52
79,53
79,54
79,55
79,56
79,63
79,70
79,77
79,84
79,91
79,98
79,105
79,112
79,119
79,126
79,23
79,24
79,25
79,26
79,27
79,28
79,29
79,30
79,31
79,32
79,33
79,34
79,35
79,36
79,37
79,38
79,39
79,40
79,41
79,42
79,43
79,44
79,45
79,46
79,47
79,48
79,49
79,50
79,51
79,52
79,53
79,54
79,55
79,56
79,63
79,70
79,77
79,84
79,91
79,98
79,105
79,112
79,119
79,126
79,23
79,24
79,25
79,26
79,27
79,28
79,29
79,30
79,31
79,32
79,33
79,34
79,35
79,36
79,37
79,38
79,39
79,40
79,41
79,42
79,43
79,44
79,45
79,46
79,47
79,48
79,49
79,50
79,51
79,52
79,53
79,54
79,55
79,56
79,63
79,70
79,77
79,84
79,91
79,98
79,105
79,112
79,119
79,126
79,23
79,24
79,25
79,26
79,27
79,28
79,29
79,30
79,31
79,32
79,33
79,34
79,35
79,36
79,37
79,38
79,39
79,40
79,41
79,42
79,43
79,44
79,45
79,46
79,47
79,48
79,49
79,50
79,51
79,52
79,53
79,54
79,55
79,56
79,63
79,70
79,77
79,84
79,91
79,98
79,105
79,112
79,119
79,126
79,23
79,24
79,25
79,26
79,27
79,28
79,29
79,30
79,31
79,32
79,33
79,34
79,35
79,36
79,37
79,38
79,39
79,40
79,41
79,42
79,43
79,44
79,45
79,46
79,47
79,48
79,49
79,50
79,51
79,52
79,53
79,54
79,55
79,56
79,63
79,70
79,77
79,84
79,91
79,98
79,105
79,112
79,119
79,126
79,23
79,24
79,25
79,26
79,27
79,28
79,29
79,30
79,31
79,32
79,33
79,34
79,35
79,36
79,37
79,38
79,39
79,40
79,41
79,42
79,43
79,44
79,45
79,46
79,47
79,48
79,49
79,50
79,51
79,52
79,53
79,54
79,55
79,56
79,63
79,70
79,77
79,84
79,91
79,98
79,105
79,112
79,119
79,126
79,23
79,24
79,25
79,26
79,27
79,28
79,29
79,30
79,31
79,32
79,33
79,34
79,35
79,36
79,37
79,38
79,39
79,40
79,41
79,42
79,43
79,44
79,45
79,46
79,47
79,48
79,49
79,50
79,51
79,52
79,53
79,54
79,55
79,56
79,63
79,70
79,77
79,84
79,91
79,98
79,105
79,112
79,119
79,126
79,23
79,24
79,25
79,26
79,27
79,28
79,29
79,30
79,31
79,32
79,33
79,34
79,35
79,36
79,37
79,38
79,39
79,40
79,41
79,42
79,43
79,44
79,45
79,46
79,47
79,48
79,49
79,50
79,51
79,52
79,53
79,54
79,55
79,56
79,63
79,70
79,77
79,84
79,91
79,98
79,105
79,112
79,119
79,126
79,23
79,24
79,25
79,26
79,27
79,28
79,29
79,30
79,31
79,32
79,33
79,34
79,35
79,36
79,37
79,38
79,39
79,40
79,41
79,42
79,43
79,44
79,45
79,46
79,47
79,48
79,49
79,50
79,51
79,52
79,53
79,54
79,55
79,56
79,63
79,70
79,77
79,84
79,91
79,98
79,105
79,112
79,119
79,126
79,23
79,24
79,25
79,26
79,27
79,28
79,29
79,30
79,31
79,32
79,33
79,34
79,35
79,36
79,37
79,38
79,39
79,40
79,41
79,42
79,43
79,44
79,45
79,46
79,47
79,48
79,49
79,50
79,51
79,52
79,53
79,54
79,55
79,56
79,63
79,70
79,77
79,84
79,91
79,98
79,105
79,112
79,119
79,126
79,23
79,24
79,25
79,26
79,27
79,28
79,29
79,30
79,31
79,32
79,33
79,34
79,35
79,36
79,37
79,38
79,39
79,40
79,41
79,42
79,43
79,44
79,45
79,46
79,47
79,48
79,49
79,50
79,51
79,52
79,53
79,54
79,55
79,56
79,63
79,70
79,77
79,84
79,91
79,98
79,105
79,112
79,119
79,126
79,23
79,24
79,25
79,26
79,27
79,28
79,29
79,30
79,31
79,32
79,33
79,34
79,35
79,36
79,37
79,38
79,39
79,40
79,41
79,42
79,43
79,44
79,45
79,46
79,47
79,48
79,49
79,50
79,51
79,52
79,53
79,54
79,55
79,56
79,63
79,70
79,77
79,84
79,91
79,98
79,105
79,112
79,119
79,126
79,23
79,24
79,25
79,26
79,27
79,28
79,29
79,30
79,31
79,32
79,33
79,34
79,35
79,36
79,37
79,38
79,39
79,40
79,41
79,42
79,43
79,44
79,45
79,46
79,47
79,48
79,49
79,50
79,51
79,52
79,53
79,54
79,55
79,56
79,63
79,70
79,77
79,84
79,91
79,98
79,105
79,112
79,119
79,126
79,23
79,24
79,25
79,26
79,27
79,28
79,29
79,30
79,31
79,32
79,33
79,34
79,35
79,36
79,37
79,38
79,39
79,40
79,41
79,42
79,43
79,44
79,45
79,46
79,47
79,48
79,49
79,50
79,51
79,52
79,53
79,54
79,55
79,56
79,63
79,70
79,77
79,84
79,91
79,98
79,105
79,112
79,119
79,126
79,23
79,24
79,25
79,26
79,27
79,28
79,29
79,30
79,31
79,32
79,33
79,34
79,35
79,36
79,37
79,38
79,39
79,40
79,41
79,42
79,43
79,44
79,45
79,46
79,47
79,48
79,49
79,50
79,51
79,52
79,53
79,54
79,55
79,56
79,63
79,70
79,77
79,84
79,91
79,98
79,105
79,112
79,119
79,126
79,23
79,24
79,25
79,26
79,27
79,28
79,29
79,30
79,31
79,32
79,33
79,34
79,35
79,36
79,37
79,38
79,39
79,40
79,41
79,42
79,43
79,44
79,45
79,46
79,47
79,48
79,49
79,50
79,51
79,52
79,53
79,54
79,55
79,56
79,63
79,70
79,77
79,84
79,91
79,98
79,105
79,112
79,119
79,126
59,23
59,24
59,25
59,26
59,27
59,28
59,29
59,30
59,31
59,32
59,33
59,34
59,35
59,36
59,37
59,38
59,39
59,40
59,41
59,42
59,43
59,44
59,45
59,46
59,47
59,48
59,49
59,50
59,51
59,52
59,53
59,54
59,55
59,56
59,63
59,70
59,77
59,84
59,91
59,98
59,105
59,112
59,119
59,126
4,23
4,24
4,25
4,26
4,28
4,29
4,30
4,31
4,32
4,33
4,35
4,36
4,37
4,38
4,39
4,40
4,42
4,43
4,44
4,45
4,46
4,47
4,49
4,50
4,51
4,52
4,53
4,54
4,56
4,63
4,70
4,77
4,84
4,91
4,98
4,105
4,112
4,119
4,126
61,23
61,24
61,25
61,26
61,27
61,28
61,29
61,30
61,31
61,32
61,33
61,34
61,35
61,36
61,37
61,38
61,39
61,40
61,41
61,42
61,43
61,44
61,45
61,46
61,47
61,48
61,49
61,50
61,51
61,52
61,53
61,54
61,55
61,56
61,63
61,70
61,77
61,84
61,91
61,98
61,105
61,112
61,119
61,126
100,23
100,24
100,25
100,26
100,27
100,28
100,29
100,30
100,31
100,32
100,33
100,34
100,35
100,36
100,37
100,38
100,39
100,40
100,41
100,42
100,43
100,44
100,45
100,46
100,47
100,48
100,49
100,50
100,51
100,52
100,53
100,54
100,55
100,56
100,63
100,70
100,77
100,84
100,91
100,98
100,105
100,112
100,119
100,126
29,23
29,24
29,25
29,26
29,27
29,28
29,29
29,30
29,31
29,32
29,33
29,34
29,35
29,36
29,37
29,38
29,39
29,40
29,41
29,42
29,43
29,44
29,45
29,46
29,47
29,48
29,49
29,50
29,51
29,52
29,53
29,54
29,55
29,56
29,63
29,70
29,77
29,84
29,91
29,98
29,105
29,112
29,119
29,126
210,23
210,24
210,25
210,26
210,27
210,28
210,29
210,30
210,31
210,32
210,33
210,34
210,35
210,36
210,37
210,38
210,39
210,40
210,41
210,42
210,43
210,44
210,45
210,46
210,47
210,48
210,49
210,50
210,51
210,52
210,53
210,54
210,55
210,56
210,63
210,70
210,77
210,84
210,91
210,98
210,105
210,112
210,119
210,126
43,23
43,24
43,25
43,26
43,27
43,28
43,29
43,30
43,31
43,32
43,33
43,34
43,35
43,36
43,37
43,38
43,39
43,40
43,41
43,42
43,43
43,44
43,45
43,46
43,47
43,48
43,49
43,50
43,51
43,52
43,53
43,54
43,55
43,56
43,63
43,70
43,77
43,84
43,91
43,98
43,105
43,112
43,119
43,126
7,23
7,24
7,25
7,26
7,27
7,28
7,29
7,30
7,31
7,32
7,33
7,34
7,35
7,36
7,37
7,38
7,39
7,40
7,41
7,42
7,43
7,44
7,45
7,46
7,47
7,48
7,49
7,50
7,51
7,52
7,53
7,54
7,55
7,56
7,63
7,70
7,77
7,84
7,91
7,98
7,105
7,112
7,119
7,126
150,23
150,24
150,25
150,28
150,29
150,30
150,31
150,32
150,33
150,35
150,36
150,37
150,38
150,39
150,40
150,42
150,43
150,44
150,45
150,46
150,47
150,49
150,50
150,51
150,52
150,53
150,54
150,56
150,63
150,70
150,77
150,84
150,91
150,98
150,105
150,112
150,119
150,126
49,23
49,24
49,25
49,26
49,27
49,28
49,29
49,30
49,31
49,32
49,33
49,34
49,35
49,36
49,37
49,38
49,39
49,40
49,41
49,42
49,43
49,44
49,45
49,46
49,47
49,48
49,49
49,50
49,51
49,52
49,53
49,54
49,55
49,56
49,63
49,70
49,77
49,84
49,91
49,98
49,105
49,112
49,119
49,126
81,23
81,24
81,25
81,26
81,27
81,28
81,29
81,30
81,31
81,32
81,33
81,34
81,35
81,36
81,37
81,38
81,39
81,40
81,41
81,42
81,43
81,44
81,45
81,46
81,47
81,48
81,49
81,50
81,51
81,52
81,53
81,54
81,55
81,56
81,63
81,70
81,77
81,84
81,91
81,98
81,105
81,112
81,119
81,126
30,23
30,24
30,25
30,26
30,27
30,28
30,29
30,30
30,31
30,32
30,33
30,34
30,35
30,36
30,37
30,38
30,39
30,40
30,41
30,42
30,43
30,44
30,45
30,46
30,47
30,48
30,49
30,50
30,51
30,52
30,53
30,54
30,55
30,56
30,63
30,70
30,77
30,84
30,91
30,98
30,105
30,112
30,119
30,126
203,23
203,24
203,25
203,26
203,27
203,28
203,29
203,30
203,31
203,32
203,33
203,34
203,35
203,36
203,37
203,38
203,39
203,40
203,41
203,42
203,43
203,44
203,45
203,46
203,47
203,48
203,49
203,50
203,51
203,52
203,53
203,54
203,55
203,56
203,63
203,70
203,77
203,84
203,91
203,98
203,105
203,112
203,119
203,126
76,23
76,24
76,25
76,26
76,27
76,28
76,29
76,30
76,31
76,32
76,33
76,34
76,35
76,36
76,37
76,38
76,39
76,40
76,41
76,42
76,43
76,44
76,45
76,46
76,47
76,48
76,49
76,50
76,51
76,52
76,53
76,54
76,55
76,56
76,63
76,70
76,77
76,84
76,91
76,98
76,105
76,112
76,119
76,126
148,23
148,24
148,25
148,26
148,27
148,28
148,29
148,30
148,31
148,32
148,33
148,34
148,35
148,36
148,37
148,38
148,39
148,40
148,41
148,42
148,43
148,44
148,45
148,46
148,47
148,48
148,49
148,50
148,51
148,52
148,53
148,54
148,55
148,56
148,63
148,70
148,77
148,84
148,91
148,98
148,105
148,112
148,119
148,126
171,23
171,24
171,25
171,26
171,27
171,28
171,29
171,30
171,31
171,32
171,33
171,34
171,35
171,36
171,37
171,38
171,39
171,40
171,41
171,42
171,43
171,44
171,45
171,46
171,47
171,48
171,49
171,50
171,51
171,52
171,53
171,54
171,55
171,56
171,63
171,70
171,77
171,84
171,91
171,98
171,105
171,112
171,119
171,126
154,23
154,24
154,25
154,26
154,27
154,28
154,29
154,30
154,31
154,32
154,33
154,34
154,35
154,36
154,37
154,38
154,39
154,40
154,41
154,42
154,43
154,44
154,45
154,46
154,47
154,48
154,49
154,50
154,51
154,52
154,53
154,54
154,55
154,56
154,63
154,70
154,77
154,84
154,91
154,98
154,105
154,112
154,119
154,126
20,23
20,24
20,25
20,26
20,27
20,28
20,29
20,30
20,31
20,32
20,33
20,34
20,35
20,36
20,37
20,38
20,39
20,40
20,41
20,42
20,43
20,44
20,45
20,46
20,47
20,48
20,49
20,50
20,51
20,52
20,53
20,54
20,55
20,56
20,63
20,70
20,77
20,84
20,91
20,98
20,105
20,112
20,119
20,126
92,23
92,24
92,25
92,26
92,27
92,28
92,29
92,30
92,31
92,32
92,33
92,34
92,35
92,36
92,37
92,38
92,39
92,40
92,41
92,42
92,43
92,44
92,45
92,46
92,47
92,48
92,49
92,50
92,51
92,52
92,53
92,54
92,55
92,56
92,63
92,70
92,77
92,84
92,91
92,98
92,105
92,112
92,119
92,126
155,23
155,24
155,25
155,26
155,27
155,28
155,29
155,30
155,31
155,32
155,33
155,34
155,35
155,36
155,37
155,38
155,39
155,40
155,41
155,42
155,43
155,44
155,45
155,46
155,47
155,48
155,49
155,50
155,51
155,52
155,53
155,54
155,55
155,56
155,63
155,70
155,77
155,84
155,91
155,98
155,105
155,112
155,119
155,126
91,23
91,24
91,25
91,26
91,27
91,28
91,29
91,30
91,31
91,32
91,33
91,34
91,35
91,36
91,37
91,38
91,39
91,40
91,41
91,42
91,43
91,44
91,45
91,46
91,47
91,48
91,49
91,50
91,51
91,52
91,53
91,54
91,55
91,56
91,63
91,70
91,77
91,84
91,91
91,98
91,105
91,112
91,119
91,126
146,23
146,24
146,25
146,26
146,27
146,28
146,29
146,30
146,31
146,32
146,33
146,34
146,35
146,36
146,37
146,38
146,39
146,40
146,41
146,42
146,43
146,44
146,45
146,46
146,47
146,48
146,49
146,50
146,51
146,52
146,53
146,54
146,55
146,56
146,63
146,70
146,77
146,84
146,91
146,98
146,105
146,112
146,119
146,126
60,23
60,24
60,25
60,26
60,27
60,28
60,29
60,30
60,31
60,32
60,33
60,34
60,35
60,36
60,37
60,38
60,39
60,40
60,41
60,42
60,43
60,44
60,45
60,46
60,47
60,48
60,49
60,50
60,51
60,52
60,53
60,54
60,55
60,56
60,63
60,70
60,77
60,84
60,91
60,98
60,105
60,112
60,119
60,126
60,23
60,24
60,25
60,26
60,27
60,28
60,29
60,30
60,31
60,32
60,33
60,34
60,35
60,36
60,37
60,38
60,39
60,40
60,41
60,42
60,43
60,44
60,45
60,46
60,47
60,48
60,49
60,50
60,51
60,52
60,53
60,54
60,55
60,56
60,63
60,70
60,77
60,84
60,91
60,98
60,105
60,112
60,119
60,126
60,23
60,24
60,25
60,26
60,27
60,28
60,29
60,30
60,31
60,32
60,33
60,34
60,35
60,36
60,37
60,38
60,39
60,40
60,41
60,42
60,43
60,44
60,45
60,46
60,47
60,48
60,49
60,50
60,51
60,52
60,53
60,54
60,55
60,56
60,63
60,70
60,77
60,84
60,91
60,98
60,105
60,112
60,119
60,126
69,23
69,24
69,25
69,26
69,27
69,28
69,29
69,30
69,31
69,32
69,33
69,34
69,35
69,36
69,37
69,38
69,39
69,40
69,41
69,42
69,43
69,44
69,45
69,46
69,47
69,48
69,49
69,50
69,51
69,52
69,53
69,54
69,55
69,56
69,63
69,70
69,77
69,84
69,91
69,98
69,105
69,112
69,119
69,126
188,23
188,24
188,25
188,26
188,27
188,28
188,29
188,30
188,31
188,32
188,33
188,34
188,35
188,36
188,37
188,38
188,39
188,40
188,41
188,42
188,43
188,44
188,45
188,46
188,47
188,48
188,49
188,50
188,51
188,52
188,53
188,54
188,55
188,56
188,63
188,70
188,77
188,84
188,91
188,98
188,105
188,112
188,119
188,126
88,23
88,24
88,25
88,26
88,27
88,28
88,29
88,30
88,31
88,32
88,33
88,34
88,35
88,36
88,37
88,38
88,39
88,40
88,41
88,42
88,43
88,44
88,45
88,46
88,47
88,48
88,49
88,50
88,51
88,52
88,53
88,54
88,55
88,56
88,63
88,70
88,77
88,84
88,91
88,98
88,105
88,112
88,119
88,126
189,23
189,24
189,25
189,26
189,27
189,28
189,29
189,30
189,31
189,32
189,33
189,34
189,35
189,36
189,37
189,38
189,39
189,40
189,41
189,42
189,43
189,44
189,45
189,46
189,47
189,48
189,49
189,50
189,51
189,52
189,53
189,54
189,55
189,56
189,63
189,70
189,77
189,84
189,91
189,98
189,105
189,112
189,119
189,126
234,23
234,24
234,25
234,26
234,27
234,28
234,29
234,30
234,31
234,32
234,33
234,34
234,35
234,36
234,37
234,38
234,39
234,40
234,41
234,42
234,43
234,44
234,45
234,46
234,47
234,48
234,49
234,50
234,51
234,52
234,53
234,54
234,55
234,56
234,63
234,70
234,77
234,84
234,91
234,98
234,105
234,112
234,119
234,126
147,23
147,24
147,25
147,26
147,27
147,28
147,29
147,30
147,31
147,32
147,33
147,34
147,35
147,36
147,37
147,38
147,39
147,40
147,41
147,42
147,43
147,44
147,45
147,46
147,47
147,48
147,49
147,50
147,51
147,52
147,53
147,54
147,55
147,56
147,63
147,70
147,77
147,84
147,91
147,98
147,105
147,112
147,119
147,126
120,23
120,24
120,25
120,26
120,27
120,28
120,29
120,30
120,31
120,32
120,33
120,34
120,35
120,36
120,37
120,38
120,39
120,40
120,41
120,42
120,43
120,44
120,45
120,46
120,47
120,48
120,49
120,50
120,51
120,52
120,53
120,54
120,55
120,56
120,63
120,70
120,77
120,84
120,91
120,98
120,105
120,112
120,119
120,126
14,23
14,24
14,25
14,26
14,28
14,29
14,30
14,31
14,32
14,33
14,35
14,36
14,37
14,38
14,39
14,40
14,42
14,43
14,44
14,45
14,46
14,47
14,49
14,50
14,51
14,52
14,53
14,54
14,56
14,63
14,70
14,77
14,84
14,91
14,98
14,105
14,112
14,119
14,126
184,23
184,24
184,25
184,26
184,27
184,28
184,29
184,30
184,31
184,32
184,33
184,34
184,35
184,36
184,37
184,38
184,39
184,40
184,41
184,42
184,43
184,44
184,45
184,46
184,47
184,48
184,49
184,50
184,51
184,52
184,53
184,54
184,55
184,56
184,63
184,70
184,77
184,84
184,91
184,98
184,105
184,112
184,119
184,126
106,23
106,24
106,25
106,26
106,27
106,28
106,29
106,30
106,31
106,32
106,33
106,34
106,35
106,36
106,37
106,38
106,39
106,40
106,41
106,42
106,43
106,44
106,45
106,46
106,47
106,48
106,49
106,50
106,51
106,52
106,53
106,54
106,55
106,56
106,63
106,70
106,77
106,84
106,91
106,98
106,105
106,112
106,119
106,126
178,23
178,24
178,25
178,26
178,27
178,28
178,29
178,30
178,31
178,32
178,33
178,34
178,35
178,36
178,37
178,38
178,39
178,40
178,41
178,42
178,43
178,44
178,45
178,46
178,47
178,48
178,49
178,50
178,51
178,52
178,53
178,54
178,55
178,56
178,63
178,70
178,77
178,84
178,91
178,98
178,105
178,112
178,119
178,126
87,23
87,24
87,25
87,26
87,27
87,28
87,29
87,30
87,31
87,32
87,35
87,36
87,37
87,38
87,39
87,42
87,43
87,44
87,45
87,46
87,49
87,50
87,51
87,52
87,53
87,56
87,63
87,70
87,77
87,84
87,91
87,98
87,105
87,112
87,119
87,126
54,23
54,24
54,25
54,26
54,27
54,28
54,29
54,30
54,31
54,32
54,33
54,34
54,35
54,36
54,37
54,38
54,39
54,40
54,41
54,42
54,43
54,44
54,45
54,46
54,47
54,48
54,49
54,50
54,51
54,52
54,53
54,54
54,55
54,56
54,63
54,70
54,77
54,84
54,91
54,98
54,105
54,112
54,119
54,126
21,23
21,24
21,25
21,26
21,27
21,28
21,29
21,30
21,31
21,32
21,33
21,34
21,35
21,36
21,37
21,38
21,39
21,40
21,41
21,42
21,43
21,44
21,45
21,46
21,47
21,48
21,49
21,50
21,51
21,52
21,53
21,54
21,55
21,56
21,63
21,70
21,77
21,84
21,91
21,98
21,105
21,112
21,119
21,126
17,23
17,24
17,25
17,26
17,28
17,29
17,30
17,31
17,32
17,33
17,35
17,36
17,37
17,38
17,39
17,40
17,42
17,43
17,44
17,45
17,46
17,47
17,49
17,50
17,51
17,52
17,53
17,54
17,56
17,63
17,70
17,77
17,84
17,91
17,98
17,105
17,112
17,119
17,126
58,23
58,24
58,25
58,26
58,27
58,28
58,29
58,30
58,31
58,32
58,33
58,34
58,35
58,36
58,37
58,38
58,39
58,40
58,41
58,42
58,43
58,44
58,45
58,46
58,47
58,48
58,49
58,50
58,51
58,52
58,53
58,54
58,55
58,56
58,63
58,70
58,77
58,84
58,91
58,98
58,105
58,112
58,119
58,126
160,23
160,24
160,25
160,26
160,27
160,28
160,29
160,30
160,31
160,32
160,33
160,34
160,35
160,36
160,37
160,38
160,39
160,40
160,41
160,42
160,43
160,44
160,45
160,46
160,47
160,48
160,49
160,50
160,51
160,52
160,53
160,54
160,55
160,56
160,63
160,70
160,77
160,84
160,91
160,98
160,105
160,112
160,119
160,126
56,23
56,24
56,25
56,26
56,27
56,28
56,29
56,30
56,31
56,32
56,33
56,34
56,35
56,36
56,37
56,38
56,39
56,40
56,41
56,42
56,43
56,44
56,45
56,46
56,47
56,48
56,49
56,50
56,51
56,52
56,53
56,54
56,55
56,56
56,63
56,70
56,77
56,84
56,91
56,98
56,105
56,112
56,119
56,126
40,23
40,24
40,25
40,26
40,27
40,28
40,29
40,30
40,31
40,32
40,33
40,34
40,35
40,36
40,37
40,38
40,39
40,40
40,41
40,42
40,43
40,44
40,45
40,46
40,47
40,48
40,49
40,50
40,51
40,52
40,53
40,54
40,55
40,56
40,63
40,70
40,77
40,84
40,91
40,98
40,105
40,112
40,119
40,126
82,23
82,24
82,25
82,26
82,27
82,28
82,29
82,30
82,31
82,32
82,33
82,34
82,35
82,36
82,37
82,38
82,39
82,40
82,41
82,42
82,43
82,44
82,45
82,46
82,47
82,48
82,49
82,50
82,51
82,52
82,53
82,54
82,55
82,56
82,63
82,70
82,77
82,84
82,91
82,98
82,105
82,112
82,119
82,126
8,23
8,24
8,25
8,26
8,28
8,29
8,30
8,31
8,32
8,33
8,35
8,36
8,37
8,38
8,39
8,40
8,42
8,43
8,44
8,45
8,46
8,47
8,49
8,50
8,51
8,52
8,53
8,54
8,56
8,63
8,70
8,77
8,84
8,91
8,98
8,105
8,112
8,119
8,126
161,23
161,24
161,25
161,26
161,27
161,28
161,29
161,30
161,31
161,32
161,33
161,34
161,35
161,36
161,37
161,38
161,39
161,40
161,41
161,42
161,43
161,44
161,45
161,46
161,47
161,48
161,49
161,50
161,51
161,52
161,53
161,54
161,55
161,56
161,63
161,70
161,77
161,84
161,91
161,98
161,105
161,112
161,119
161,126
127,23
127,24
127,25
127,26
127,27
127,28
127,29
127,30
127,31
127,32
127,33
127,34
127,35
127,36
127,37
127,38
127,39
127,40
127,41
127,42
127,43
127,44
127,45
127,46
127,47
127,48
127,49
127,50
127,51
127,52
127,53
127,54
127,55
127,56
127,63
127,70
127,77
127,84
127,91
127,98
127,105
127,112
127,119
127,126
84,23
84,24
84,25
84,26
84,27
84,28
84,29
84,30
84,31
84,32
84,33
84,34
84,35
84,36
84,37
84,38
84,39
84,40
84,41
84,42
84,43
84,44
84,45
84,46
84,47
84,48
84,49
84,50
84,51
84,52
84,53
84,54
84,55
84,56
84,63
84,70
84,77
84,84
84,91
84,98
84,105
84,112
84,119
84,126
229,23
229,24
229,25
229,26
229,27
229,28
229,29
229,30
229,31
229,32
229,33
229,34
229,35
229,36
229,37
229,38
229,39
229,40
229,41
229,42
229,43
229,44
229,45
229,46
229,47
229,48
229,49
229,50
229,51
229,52
229,53
229,54
229,55
229,56
229,63
229,70
229,77
229,84
229,91
229,98
229,105
229,112
229,119
229,126
89,23
89,24
89,25
89,26
89,27
89,28
89,29
89,30
89,31
89,32
89,33
89,34
89,35
89,36
89,37
89,38
89,39
89,40
89,41
89,42
89,43
89,44
89,45
89,46
89,47
89,48
89,49
89,50
89,51
89,52
89,53
89,54
89,55
89,56
89,63
89,70
89,77
89,84
89,91
89,98
89,105
89,112
89,119
89,126
95,23
95,24
95,25
95,26
95,27
95,28
95,29
95,30
95,31
95,32
95,33
95,34
95,35
95,36
95,37
95,38
95,39
95,40
95,41
95,42
95,43
95,44
95,45
95,46
95,47
95,48
95,49
95,50
95,51
95,52
95,53
95,54
95,55
95,56
95,63
95,70
95,77
95,84
95,91
95,98
95,105
95,112
95,119
95,126
235,23
235,24
235,25
235,26
235,27
235,28
235,29
235,30
235,31
235,32
235,33
235,34
235,35
235,36
235,37
235,38
235,39
235,40
235,41
235,42
235,43
235,44
235,45
235,46
235,47
235,48
235,49
235,50
235,51
235,52
235,53
235,54
235,55
235,56
235,63
235,70
235,77
235,84
235,91
235,98
235,105
235,112
235,119
235,126
42,23
42,24
42,25
42,26
42,27
42,28
42,29
42,30
42,31
42,32
42,33
42,34
42,35
42,36
42,37
42,38
42,39
42,40
42,41
42,42
42,43
42,44
42,45
42,46
42,47
42,48
42,49
42,50
42,51
42,52
42,53
42,54
42,55
42,56
42,63
42,70
42,77
42,84
42,91
42,98
42,105
42,112
42,119
42,126
167,23
167,24
167,25
167,26
167,28
167,29
167,30
167,31
167,32
167,33
167,35
167,36
167,37
167,38
167,39
167,40
167,42
167,43
167,44
167,45
167,46
167,47
167,49
167,50
167,51
167,52
167,53
167,54
167,56
167,63
167,70
167,77
167,84
167,91
167,98
167,105
167,112
167,119
167,126
45,23
45,24
45,25
45,28
45,29
45,30
45,31
45,32
45,33
45,35
45,36
45,37
45,38
45,39
45,40
45,42
45,43
45,44
45,45
45,46
45,47
45,49
45,50
45,51
45,52
45,53
45,54
45,56
45,63
45,70
45,77
45,84
45,91
45,98
45,105
45,112
45,119
45,126
164,23
164,24
164,25
164,26
164,27
164,28
164,29
164,30
164,31
164,32
164,33
164,34
164,35
164,36
164,37
164,38
164,39
164,40
164,41
164,42
164,43
164,44
164,45
164,46
164,47
164,48
164,49
164,50
164,51
164,52
164,53
164,54
164,55
164,56
164,63
164,70
164,77
164,84
164,91
164,98
164,105
164,112
164,119
164,126
134,23
134,24
134,25
134,26
134,27
134,28
134,29
134,30
134,31
134,32
134,33
134,34
134,35
134,36
134,37
134,38
134,39
134,40
134,41
134,42
134,43
134,44
134,45
134,46
134,47
134,48
134,49
134,50
134,51
134,52
134,53
134,54
134,55
134,56
134,63
134,70
134,77
134,84
134,91
134,98
134,105
134,112
134,119
134,126
225,23
225,24
225,25
225,26
225,27
225,28
225,29
225,30
225,31
225,32
225,33
225,34
225,35
225,36
225,37
225,38
225,39
225,40
225,41
225,42
225,43
225,44
225,45
225,46
225,47
225,48
225,49
225,50
225,51
225,52
225,53
225,54
225,55
225,56
225,63
225,70
225,77
225,84
225,91
225,98
225,105
225,112
225,119
225,126
25,23
25,24
25,25
25,26
25,27
25,28
25,29
25,30
25,31
25,32
25,33
25,34
25,35
25,36
25,37
25,38
25,39
25,40
25,41
25,42
25,43
25,44
25,45
25,46
25,47
25,48
25,49
25,50
25,51
25,52
25,53
25,54
25,55
25,56
25,63
25,70
25,77
25,84
25,91
25,98
25,105
25,112
25,119
25,126
116,23
116,24
116,25
116,26
116,28
116,29
116,30
116,31
116,32
116,35
116,36
116,37
116,38
116,39
116,42
116,43
116,44
116,45
116,46
116,49
116,50
116,51
116,52
116,53
116,56
116,63
116,70
116,77
116,84
116,91
116,98
116,105
116,112
116,119
116,126
219,23
219,24
219,25
219,26
219,27
219,28
219,29
219,30
219,31
219,32
219,33
219,34
219,35
219,36
219,37
219,38
219,39
219,40
219,41
219,42
219,43
219,44
219,45
219,46
219,47
219,48
219,49
219,50
219,51
219,52
219,53
219,54
219,55
219,56
219,63
219,70
219,77
219,84
219,91
219,98
219,105
219,112
219,119
219,126
10,23
10,24
10,25
10,26
10,28
10,29
10,30
10,31
10,32
10,33
10,35
10,36
10,37
10,38
10,39
10,40
10,42
10,43
10,44
10,45
10,46
10,47
10,49
10,50
10,51
10,52
10,53
10,54
10,56
10,63
10,70
10,77
10,84
10,91
10,98
10,105
10,112
10,119
10,126
55,23
55,24
55,25
55,26
55,27
55,28
55,29
55,30
55,31
55,32
55,33
55,34
55,35
55,36
55,37
55,38
55,39
55,40
55,41
55,42
55,43
55,44
55,45
55,46
55,47
55,48
55,49
55,50
55,51
55,52
55,53
55,54
55,55
55,56
55,63
55,70
55,77
55,84
55,91
55,98
55,105
55,112
55,119
55,126
105,23
105,24
105,25
105,26
105,27
105,28
105,29
105,30
105,31
105,32
105,33
105,34
105,35
105,36
105,37
105,38
105,39
105,40
105,41
105,42
105,43
105,44
105,45
105,46
105,47
105,48
105,49
105,50
105,51
105,52
105,53
105,54
105,55
105,56
105,63
105,70
105,77
105,84
105,91
105,98
105,105
105,112
105,119
105,126
33,23
33,24
33,25
33,26
33,28
33,29
33,30
33,31
33,32
33,33
33,35
33,36
33,37
33,38
33,39
33,40
33,42
33,43
33,44
33,45
33,46
33,47
33,49
33,50
33,51
33,52
33,53
33,54
33,56
33,63
33,70
33,77
33,84
33,91
33,98
33,105
33,112
33,119
33,126
70,23
70,24
70,25
70,26
70,27
70,28
70,29
70,30
70,31
70,32
70,33
70,34
70,35
70,36
70,37
70,38
70,39
70,40
70,41
70,42
70,43
70,44
70,45
70,46
70,47
70,48
70,49
70,50
70,51
70,52
70,53
70,54
70,55
70,56
70,63
70,70
70,77
70,84
70,91
70,98
70,105
70,112
70,119
70,126
169,23
169,24
169,25
169,26
169,27
169,28
169,29
169,30
169,31
169,32
169,33
169,35
169,36
169,37
169,38
169,39
169,40
169,42
169,43
169,44
169,45
169,46
169,47
169,49
169,50
169,51
169,52
169,53
169,54
169,56
169,63
169,70
169,77
169,84
169,91
169,98
169,105
169,112
169,119
169,126
73,23
73,24
73,25
73,26
73,27
73,28
73,29
73,30
73,31
73,32
73,33
73,34
73,35
73,36
73,37
73,38
73,39
73,40
73,41
73,42
73,43
73,44
73,45
73,46
73,47
73,48
73,49
73,50
73,51
73,52
73,53
73,54
73,55
73,56
73,63
73,70
73,77
73,84
73,91
73,98
73,105
73,112
73,119
73,126
63,23
63,24
63,25
63,26
63,27
63,28
63,29
63,30
63,31
63,32
63,33
63,34
63,35
63,36
63,37
63,38
63,39
63,40
63,41
63,42
63,43
63,44
63,45
63,46
63,47
63,48
63,49
63,50
63,51
63,52
63,53
63,54
63,55
63,56
63,63
63,70
63,77
63,84
63,91
63,98
63,105
63,112
63,119
63,126
22,23
22,24
22,25
22,26
22,27
22,28
22,29
22,30
22,31
22,32
22,33
22,34
22,35
22,36
22,37
22,38
22,39
22,40
22,41
22,42
22,43
22,44
22,45
22,46
22,47
22,48
22,49
22,50
22,51
22,52
22,53
22,54
22,55
22,56
22,63
22,70
22,77
22,84
22,91
22,98
22,105
22,112
22,119
22,126
36,23
36,24
36,25
36,26
36,27
36,28
36,29
36,30
36,31
36,32
36,33
36,34
36,35
36,36
36,37
36,38
36,39
36,40
36,41
36,42
36,43
36,44
36,45
36,46
36,47
36,48
36,49
36,50
36,51
36,52
36,53
36,54
36,55
36,56
36,63
36,70
36,77
36,84
36,91
36,98
36,105
36,112
36,119
36,126
198,23
198,24
198,25
198,26
198,28
198,29
198,30
198,31
198,32
198,33
198,35
198,36
198,37
198,38
198,39
198,40
198,42
198,43
198,44
198,45
198,46
198,47
198,49
198,50
198,51
198,52
198,53
198,54
198,56
198,63
198,70
198,77
198,84
198,91
198,98
198,105
198,112
198,119
198,126
138,23
138,24
138,25
138,26
138,27
138,28
138,29
138,30
138,31
138,32
138,33
138,34
138,35
138,36
138,37
138,38
138,39
138,40
138,41
138,42
138,43
138,44
138,45
138,46
138,47
138,48
138,49
138,50
138,51
138,52
138,53
138,54
138,55
138,56
138,63
138,70
138,77
138,84
138,91
138,98
138,105
138,112
138,119
138,126
240,23
240,24
240,25
240,26
240,27
240,28
240,29
240,30
240,31
240,32
240,33
240,34
240,35
240,36
240,37
240,38
240,39
240,40
240,41
240,42
240,43
240,44
240,45
240,46
240,47
240,48
240,49
240,50
240,51
240,52
240,53
240,54
240,55
240,56
240,63
240,70
240,77
240,84
240,91
240,98
240,105
240,112
240,119
240,126
206,23
206,24
206,25
206,26
206,27
206,28
206,29
206,30
206,31
206,32
206,33
206,34
206,35
206,36
206,37
206,38
206,39
206,40
206,41
206,42
206,43
206,44
206,45
206,46
206,47
206,48
206,49
206,50
206,51
206,52
206,53
206,54
206,55
206,56
206,63
206,70
206,77
206,84
206,91
206,98
206,105
206,112
206,119
206,126
13,23
13,24
13,25
13,26
13,28
13,29
13,30
13,31
13,32
13,35
13,36
13,37
13,38
13,39
13,42
13,43
13,44
13,45
13,46
13,49
13,50
13,51
13,52
13,53
13,56
13,63
13,70
13,77
13,84
13,91
13,98
13,105
13,112
13,119
13,126
112,23
112,24
112,25
112,26
112,27
112,28
112,29
112,30
112,31
112,32
112,33
112,34
112,35
112,36
112,37
112,38
112,39
112,40
112,41
112,42
112,43
112,44
112,45
112,46
112,47
112,48
112,49
112,50
112,51
112,52
112,53
112,54
112,55
112,56
112,63
112,70
112,77
112,84
112,91
112,98
112,105
112,112
112,119
112,126
153,23
153,24
153,25
153,26
153,27
153,28
153,29
153,30
153,31
153,32
153,33
153,34
153,35
153,36
153,37
153,38
153,39
153,40
153,41
153,42
153,43
153,44
153,45
153,46
153,47
153,48
153,49
153,50
153,51
153,52
153,53
153,54
153,55
153,56
153,63
153,70
153,77
153,84
153,91
153,98
153,105
153,112
153,119
153,126
140,23
140,24
140,25
140,26
140,27
140,28
140,29
140,30
140,31
140,32
140,33
140,34
140,35
140,36
140,37
140,38
140,39
140,40
140,41
140,42
140,43
140,44
140,45
140,46
140,47
140,48
140,49
140,50
140,51
140,52
140,53
140,54
140,55
140,56
140,63
140,70
140,77
140,84
140,91
140,98
140,105
140,112
140,119
140,126
32,23
32,24
32,25
32,26
32,27
32,28
32,29
32,30
32,31
32,32
32,33
32,34
32,35
32,36
32,37
32,38
32,39
32,40
32,41
32,42
32,43
32,44
32,45
32,46
32,47
32,48
32,49
32,50
32,51
32,52
32,53
32,54
32,55
32,56
32,63
32,70
32,77
32,84
32,91
32,98
32,105
32,112
32,119
32,126
207,23
207,24
207,25
207,26
207,27
207,28
207,29
207,30
207,31
207,32
207,33
207,34
207,35
207,36
207,37
207,38
207,39
207,40
207,41
207,42
207,43
207,44
207,45
207,46
207,47
207,48
207,49
207,50
207,51
207,52
207,53
207,54
207,55
207,56
207,63
207,70
207,77
207,84
207,91
207,98
207,105
207,112
207,119
207,126
11,23
11,24
11,25
11,26
11,27
11,28
11,29
11,30
11,31
11,32
11,33
11,34
11,35
11,36
11,37
11,38
11,39
11,40
11,41
11,42
11,43
11,44
11,45
11,46
11,47
11,48
11,49
11,50
11,51
11,52
11,53
11,54
11,55
11,56
11,63
11,70
11,77
11,84
11,91
11,98
11,105
11,112
11,119
11,126
132,23
132,24
132,25
132,26
132,27
132,28
132,29
132,30
132,31
132,32
132,33
132,34
132,35
132,36
132,37
132,38
132,39
132,40
132,41
132,42
132,43
132,44
132,45
132,46
132,47
132,48
132,49
132,50
132,51
132,52
132,53
132,54
132,55
132,56
132,63
132,70
132,77
132,84
132,91
132,98
132,105
132,112
132,119
132,126
51,23
51,24
51,25
51,26
51,27
51,28
51,29
51,30
51,31
51,32
51,33
51,34
51,35
51,36
51,37
51,38
51,39
51,40
51,41
51,42
51,43
51,44
51,45
51,46
51,47
51,48
51,49
51,50
51,51
51,52
51,53
51,54
51,55
51,56
51,63
51,70
51,77
51,84
51,91
51,98
51,105
51,112
51,119
51,126
166,23
166,24
166,25
166,26
166,27
166,28
166,29
166,30
166,31
166,32
166,33
166,34
166,35
166,36
166,37
166,38
166,39
166,40
166,41
166,42
166,43
166,44
166,45
166,46
166,47
166,48
166,49
166,50
166,51
166,52
166,53
166,54
166,55
166,56
166,63
166,70
166,77
166,84
166,91
166,98
166,105
166,112
166,119
166,126
71,23
71,24
71,25
71,26
71,27
71,28
71,29
71,30
71,31
71,32
71,33
71,34
71,35
71,36
71,37
71,38
71,39
71,40
71,41
71,42
71,43
71,44
71,45
71,46
71,47
71,48
71,49
71,50
71,51
71,52
71,53
71,54
71,55
71,56
71,63
71,70
71,77
71,84
71,91
71,98
71,105
71,112
71,119
71,126
18,23
18,24
18,25
18,26
18,28
18,29
18,30
18,31
18,32
18,33
18,35
18,36
18,37
18,38
18,39
18,40
18,42
18,43
18,44
18,45
18,46
18,47
18,49
18,50
18,51
18,52
18,53
18,54
18,56
18,63
18,70
18,77
18,84
18,91
18,98
18,105
18,112
18,119
18,126
64,23
64,24
64,25
64,26
64,27
64,28
64,29
64,30
64,31
64,32
64,33
64,34
64,35
64,36
64,37
64,38
64,39
64,40
64,41
64,42
64,43
64,44
64,45
64,46
64,47
64,48
64,49
64,50
64,51
64,52
64,53
64,54
64,55
64,56
64,63
64,70
64,77
64,84
64,91
64,98
64,105
64,112
64,119
64,126
141,23
141,24
141,25
141,26
141,28
141,29
141,30
141,31
141,32
141,33
141,35
141,36
141,37
141,38
141,39
141,40
141,42
141,43
141,44
141,45
141,46
141,47
141,49
141,50
141,51
141,52
141,53
141,54
141,56
141,63
141,70
141,77
141,84
141,91
141,98
141,105
141,112
141,119
141,126
60,23
60,24
60,25
60,26
60,27
60,28
60,29
60,30
60,31
60,32
60,33
60,34
60,35
60,36
60,37
60,38
60,39
60,40
60,41
60,42
60,43
60,44
60,45
60,46
60,47
60,48
60,49
60,50
60,51
60,52
60,53
60,54
60,55
60,56
60,63
60,70
60,77
60,84
60,91
60,98
60,105
60,112
60,119
60,126
33,23
33,24
33,25
33,26
33,28
33,29
33,30
33,31
33,32
33,33
33,35
33,36
33,37
33,38
33,39
33,40
33,42
33,43
33,44
33,45
33,46
33,47
33,49
33,50
33,51
33,52
33,53
33,54
33,56
33,63
33,70
33,77
33,84
33,91
33,98
33,105
33,112
33,119
33,126
79,23
79,24
79,25
79,26
79,27
79,28
79,29
79,30
79,31
79,32
79,33
79,34
79,35
79,36
79,37
79,38
79,39
79,40
79,41
79,42
79,43
79,44
79,45
79,46
79,47
79,48
79,49
79,50
79,51
79,52
79,53
79,54
79,55
79,56
79,63
79,70
79,77
79,84
79,91
79,98
79,105
79,112
79,119
79,126
80,23
80,24
80,25
80,26
80,27
80,28
80,29
80,30
80,31
80,32
80,33
80,34
80,35
80,36
80,37
80,38
80,39
80,40
80,41
80,42
80,43
80,44
80,45
80,46
80,47
80,48
80,49
80,50
80,51
80,52
80,53
80,54
80,55
80,56
80,63
80,70
80,77
80,84
80,91
80,98
80,105
80,112
80,119
80,126
72,23
72,24
72,25
72,26
72,27
72,28
72,29
72,30
72,31
72,32
72,33
72,34
72,35
72,36
72,37
72,38
72,39
72,40
72,41
72,42
72,43
72,44
72,45
72,46
72,47
72,48
72,49
72,50
72,51
72,52
72,53
72,54
72,55
72,56
72,63
72,70
72,77
72,84
72,91
72,98
72,105
72,112
72,119
72,126
15,23
15,24
15,25
15,26
15,28
15,29
15,30
15,31
15,32
15,33
15,35
15,36
15,37
15,38
15,39
15,40
15,42
15,43
15,44
15,45
15,46
15,47
15,49
15,50
15,51
15,52
15,53
15,54
15,56
15,63
15,70
15,77
15,84
15,91
15,98
15,105
15,112
15,119
15,126
80,23
80,24
80,25
80,26
80,27
80,28
80,29
80,30
80,31
80,32
80,33
80,34
80,35
80,36
80,37
80,38
80,39
80,40
80,41
80,42
80,43
80,44
80,45
80,46
80,47
80,48
80,49
80,50
80,51
80,52
80,53
80,54
80,55
80,56
80,63
80,70
80,77
80,84
80,91
80,98
80,105
80,112
80,119
80,126
80,23
80,24
80,25
80,26
80,27
80,28
80,29
80,30
80,31
80,32
80,33
80,34
80,35
80,36
80,37
80,38
80,39
80,40
80,41
80,42
80,43
80,44
80,45
80,46
80,47
80,48
80,49
80,50
80,51
80,52
80,53
80,54
80,55
80,56
80,63
80,70
80,77
80,84
80,91
80,98
80,105
80,112
80,119
80,126
80,23
80,24
80,25
80,26
80,27
80,28
80,29
80,30
80,31
80,32
80,33
80,34
80,35
80,36
80,37
80,38
80,39
80,40
80,41
80,42
80,43
80,44
80,45
80,46
80,47
80,48
80,49
80,50
80,51
80,52
80,53
80,54
80,55
80,56
80,63
80,70
80,77
80,84
80,91
80,98
80,105
80,112
80,119
80,126
80,23
80,24
80,25
80,26
80,27
80,28
80,29
80,30
80,31
80,32
80,33
80,34
80,35
80,36
80,37
80,38
80,39
80,40
80,41
80,42
80,43
80,44
80,45
80,46
80,47
80,48
80,49
80,50
80,51
80,52
80,53
80,54
80,55
80,56
80,63
80,70
80,77
80,84
80,91
80,98
80,105
80,112
80,119
80,126
58,23
58,24
58,25
58,26
58,27
58,28
58,29
58,30
58,31
58,32
58,33
58,34
58,35
58,36
58,37
58,38
58,39
58,40
58,41
58,42
58,43
58,44
58,45
58,46
58,47
58,48
58,49
58,50
58,51
58,52
58,53
58,54
58,55
58,56
58,63
58,70
58,77
58,84
58,91
58,98
58,105
58,112
58,119
58,126
58,23
58,24
58,25
58,26
58,27
58,28
58,29
58,30
58,31
58,32
58,33
58,34
58,35
58,36
58,37
58,38
58,39
58,40
58,41
58,42
58,43
58,44
58,45
58,46
58,47
58,48
58,49
58,50
58,51
58,52
58,53
58,54
58,55
58,56
58,63
58,70
58,77
58,84
58,91
58,98
58,105
58,112
58,119
58,126
80,23
80,24
80,25
80,26
80,27
80,28
80,29
80,30
80,31
80,32
80,33
80,34
80,35
80,36
80,37
80,38
80,39
80,40
80,41
80,42
80,43
80,44
80,45
80,46
80,47
80,48
80,49
80,50
80,51
80,52
80,53
80,54
80,55
80,56
80,63
80,70
80,77
80,84
80,91
80,98
80,105
80,112
80,119
80,126
80,23
80,24
80,25
80,26
80,27
80,28
80,29
80,30
80,31
80,32
80,33
80,34
80,35
80,36
80,37
80,38
80,39
80,40
80,41
80,42
80,43
80,44
80,45
80,46
80,47
80,48
80,49
80,50
80,51
80,52
80,53
80,54
80,55
80,56
80,63
80,70
80,77
80,84
80,91
80,98
80,105
80,112
80,119
80,126
80,23
80,24
80,25
80,26
80,27
80,28
80,29
80,30
80,31
80,32
80,33
80,34
80,35
80,36
80,37
80,38
80,39
80,40
80,41
80,42
80,43
80,44
80,45
80,46
80,47
80,48
80,49
80,50
80,51
80,52
80,53
80,54
80,55
80,56
80,63
80,70
80,77
80,84
80,91
80,98
80,105
80,112
80,119
80,126
80,23
80,24
80,25
80,26
80,27
80,28
80,29
80,30
80,31
80,32
80,33
80,34
80,35
80,36
80,37
80,38
80,39
80,40
80,41
80,42
80,43
80,44
80,45
80,46
80,47
80,48
80,49
80,50
80,51
80,52
80,53
80,54
80,55
80,56
80,63
80,70
80,77
80,84
80,91
80,98
80,105
80,112
80,119
80,126
80,23
80,24
80,25
80,26
80,27
80,28
80,29
80,30
80,31
80,32
80,33
80,34
80,35
80,36
80,37
80,38
80,39
80,40
80,41
80,42
80,43
80,44
80,45
80,46
80,47
80,48
80,49
80,50
80,51
80,52
80,53
80,54
80,55
80,56
80,63
80,70
80,77
80,84
80,91
80,98
80,105
80,112
80,119
80,126
80,23
80,24
80,25
80,26
80,27
80,28
80,29
80,30
80,31
80,32
80,33
80,34
80,35
80,36
80,37
80,38
80,39
80,40
80,41
80,42
80,43
80,44
80,45
80,46
80,47
80,48
80,49
80,50
80,51
80,52
80,53
80,54
80,55
80,56
80,63
80,70
80,77
80,84
80,91
80,98
80,105
80,112
80,119
80,126
80,23
80,24
80,25
80,26
80,27
80,28
80,29
80,30
80,31
80,32
80,33
80,34
80,35
80,36
80,37
80,38
80,39
80,40
80,41
80,42
80,43
80,44
80,45
80,46
80,47
80,48
80,49
80,50
80,51
80,52
80,53
80,54
80,55
80,56
80,63
80,70
80,77
80,84
80,91
80,98
80,105
80,112
80,119
80,126
80,23
80,24
80,25
80,26
80,27
80,28
80,29
80,30
80,31
80,32
80,33
80,34
80,35
80,36
80,37
80,38
80,39
80,40
80,41
80,42
80,43
80,44
80,45
80,46
80,47
80,48
80,49
80,50
80,51
80,52
80,53
80,54
80,55
80,56
80,63
80,70
80,77
80,84
80,91
80,98
80,105
80,112
80,119
80,126
80,23
80,24
80,25
80,26
80,27
80,28
80,29
80,30
80,31
80,32
80,33
80,34
80,35
80,36
80,37
80,38
80,39
80,40
80,41
80,42
80,43
80,44
80,45
80,46
80,47
80,48
80,49
80,50
80,51
80,52
80,53
80,54
80,55
80,56
80,63
80,70
80,77
80,84
80,91
80,98
80,105
80,112
80,119
80,126
80,23
80,24
80,25
80,26
80,27
80,28
80,29
80,30
80,31
80,32
80,33
80,34
80,35
80,36
80,37
80,38
80,39
80,40
80,41
80,42
80,43
80,44
80,45
80,46
80,47
80,48
80,49
80,50
80,51
80,52
80,53
80,54
80,55
80,56
80,63
80,70
80,77
80,84
80,91
80,98
80,105
80,112
80,119
80,126
80,23
80,24
80,25
80,26
80,27
80,28
80,29
80,30
80,31
80,32
80,33
80,34
80,35
80,36
80,37
80,38
80,39
80,40
80,41
80,42
80,43
80,44
80,45
80,46
80,47
80,48
80,49
80,50
80,51
80,52
80,53
80,54
80,55
80,56
80,63
80,70
80,77
80,84
80,91
80,98
80,105
80,112
80,119
80,126
79,23
79,24
79,25
79,26
79,27
79,28
79,29
79,30
79,31
79,32
79,33
79,34
79,35
79,36
79,37
79,38
79,39
79,40
79,41
79,42
79,43
79,44
79,45
79,46
79,47
79,48
79,49
79,50
79,51
79,52
79,53
79,54
79,55
79,56
79,63
79,70
79,77
79,84
79,91
79,98
79,105
79,112
79,119
79,126
79,23
79,24
79,25
79,26
79,27
79,28
79,29
79,30
79,31
79,32
79,33
79,34
79,35
79,36
79,37
79,38
79,39
79,40
79,41
79,42
79,43
79,44
79,45
79,46
79,47
79,48
79,49
79,50
79,51
79,52
79,53
79,54
79,55
79,56
79,63
79,70
79,77
79,84
79,91
79,98
79,105
79,112
79,119
79,126
79,23
79,24
79,25
79,26
79,27
79,28
79,29
79,30
79,31
79,32
79,33
79,34
79,35
79,36
79,37
79,38
79,39
79,40
79,41
79,42
79,43
79,44
79,45
79,46
79,47
79,48
79,49
79,50
79,51
79,52
79,53
79,54
79,55
79,56
79,63
79,70
79,77
79,84
79,91
79,98
79,105
79,112
79,119
79,126
