line,item_code,plant,orig_plant
,652,115,115
,652,115,115
,3344,115,115
,3344,115,115
,3345,115,115
,3345,115,115
,652,117,117
,652,117,117
,3232,117,117
,3232,117,117
,3232,117,117
,3233,117,117
,3233,117,117
,3344,117,117
,3344,117,117
,3345,117,117
,3345,117,117
,2700,117,117
,2700,117,117
,2802,117,117
,2802,117,117
,2802,117,117
,658,46,46
,666,46,46
,666,46,46
,723,46,46
,725,46,46
,725,46,46
,727,46,46
,729,46,46
,751,46,46
,753,46,46
,755,46,46
,760,46,46
,760,46,46
,698,46,46
,698,46,46
,698,46,46
,699,46,46
,700,46,46
,700,46,46
,701,46,46
,703,46,46
,705,46,46
,711,46,46
,712,46,46
,718,46,46
,810,46,46
,814,46,46
,815,46,46
,816,46,46
,819,46,46
,820,46,46
,821,46,46
,839,46,46
,840,46,46
,733,46,46
,734,46,46
,735,46,46
,1111,46,46
,1112,46,46
,1113,46,46
,1126,46,46
,1022,46,46
,1023,46,46
,898,46,46
,900,46,46
,913,46,46
,914,46,46
,915,46,46
,916,46,46
,917,46,46
,919,46,46
,920,46,46
,921,46,46
,922,46,46
,923,46,46
,871,46,46
,767,46,46
,768,46,46
,539,46,46
,764,46,46
,765,46,46
,672,46,46
,673,46,46
,673,46,46
,673,46,46
,676,46,46
,603,46,46
,606,46,46
,1037,46,46
,1217,46,46
,678,46,46
,679,46,46
,686,46,46
,691,46,46
,691,46,46
,1024,46,46
,1171,46,46
,1234,46,46
,1235,46,46
,1236,46,46
,1237,46,46
,1600,46,46
,1603,46,46
,1604,46,46
,1613,46,46
,1618,46,46
,1638,46,46
,1645,46,46
,1590,46,46
,1591,46,46
,2160,46,46
,2160,46,46
,2170,46,46
,3241,46,46
,3241,46,46
,3349,46,46
,3349,46,46
,3385,46,46
,3385,46,46
,3386,46,46
,3386,46,46
,3398,46,46
,3398,46,46
,3400,46,46
,3400,46,46
,3401,46,46
,3401,46,46
,3401,46,46
,3271,46,46
,3271,46,46
,3272,46,46
,3273,46,46
,3273,46,46
,3286,46,46
,3286,46,46
,3291,46,46
,3298,46,46
,3298,46,46
,3299,46,46
,3299,46,46
,3311,46,46
,3311,46,46
,3312,46,46
,3312,46,46
,3331,46,46
,3331,46,46
,3344,46,46
,3344,46,46
,3345,46,46
,3345,46,46
,806,46,46
,992,46,46
,993,46,46
,996,46,46
,997,46,46
,998,46,46
,999,46,46
,1000,46,46
,1002,46,46
,924,46,46
,925,46,46
,926,46,46
,927,46,46
,929,46,46
,930,46,46
,931,46,46
,940,46,46
,948,46,46
,949,46,46
,1104,46,46
,1106,46,46
,1107,46,46
,1108,46,46
,1109,46,46
,1110,46,46
,2827,46,46
,2827,46,46
,2837,46,46
,2837,46,46
,2840,46,46
,2840,46,46
,2841,46,46
,2841,46,46
,2853,46,46
,2853,46,46
,2857,46,46
,2857,46,46
,1863,46,46
,1864,46,46
,1865,46,46
,1866,46,46
,5555,46,46
,5556,46,46
,5557,46,46
,5557,46,46
,5558,46,46
,5558,46,46
,5560,46,46
,5560,46,46
,5561,46,46
,5561,46,46
,5562,46,46
,5562,46,46
,5563,46,46
,5563,46,46
,3491,46,46
,3491,46,46
,3492,46,46
,3492,46,46
,3493,46,46
,3493,46,46
,6912,46,46
,6913,46,46
,6913,46,46
,6913,46,46
,6923,46,46
,6923,46,46
,6932,46,46
,3496,46,46
,3496,46,46
,1739,46,46
,6991,46,46
,6991,46,46
,6992,46,46
,6998,46,46
,7000,46,46
,7004,46,46
,7004,46,46
,7005,46,46
,7008,46,46
,7009,46,46
,7033,46,46
,7034,46,46
,7034,46,46
,7035,46,46
,7036,46,46
,7037,46,46
,7037,46,46
,7038,46,46
,7038,46,46
,7041,46,46
,7041,46,46
,3518,46,46
,3518,46,46
,7042,46,46
,7043,46,46
,7052,46,46
,5593,46,46
,4143,46,46
,2932,46,46
,2932,46,46
,2933,46,46
,2933,46,46
,2934,46,46
,2934,46,46
,2934,46,46
,4426,46,46
,4426,46,46
,4427,46,46
,4427,46,46
,4428,46,46
,4428,46,46
,4429,46,46
,4429,46,46
,4430,46,46
,4430,46,46
,2718,46,46
,2718,46,46
,2721,46,46
,2987,46,46
,2987,46,46
,2988,46,46
,2988,46,46
,6816,46,46
,6818,46,46
,6822,46,46
,6826,46,46
,6827,46,46
,2723,46,46
,2723,46,46
,6831,46,46
,6832,46,46
,6833,46,46
,6833,46,46
,6835,46,46
,6835,46,46
,6836,46,46
,6840,46,46
,6841,46,46
,6856,46,46
,6858,46,46
,4463,46,46
,4463,46,46
,4500,46,46
,4500,46,46
,6865,46,46
,6867,46,46
,6867,46,46
,6871,46,46
,6871,46,46
,6872,46,46
,6872,46,46
,6879,46,46
,6885,46,46
,6886,46,46
,6896,46,46
,6896,46,46
,6897,46,46
,6898,46,46
,6898,46,46
,6899,46,46
,6899,46,46
,4501,46,46
,4501,46,46
,4502,46,46
,4502,46,46
,4503,46,46
,4503,46,46
,4503,46,46
,4506,46,46
,4506,46,46
,4506,46,46
,4508,46,46
,4508,46,46
,4508,46,46
,2750,46,46
,2750,46,46
,2751,46,46
,2751,46,46
,3017,46,46
,3017,46,46
,3017,46,46
,3018,46,46
,3018,46,46
,3018,46,46
,6907,46,46
,5594,46,46
,5594,46,46
,6699,46,46
,6700,46,46
,6701,46,46
,6703,46,46
,6704,46,46
,6708,46,46
,6708,46,46
,6710,46,46
,6710,46,46
,6710,46,46
,4339,46,46
,4340,46,46
,4343,46,46
,4343,46,46
,3041,46,46
,3041,46,46
,3041,46,46
,6714,46,46
,6717,46,46
,6723,46,46
,6724,46,46
,6724,46,46
,6725,46,46
,6726,46,46
,6727,46,46
,6731,46,46
,6732,46,46
,6732,46,46
,6733,46,46
,6736,46,46
,6736,46,46
,6738,46,46
,6740,46,46
,6742,46,46
,6743,46,46
,6744,46,46
,6748,46,46
,6749,46,46
,6750,46,46
,6751,46,46
,6751,46,46
,6752,46,46
,6753,46,46
,6755,46,46
,6759,46,46
,4380,46,46
,4380,46,46
,3048,46,46
,3049,46,46
,3049,46,46
,3049,46,46
,3050,46,46
,3050,46,46
,3051,46,46
,3051,46,46
,3052,46,46
,3052,46,46
,3053,46,46
,3053,46,46
,3054,46,46
,3054,46,46
,3058,46,46
,3058,46,46
,3058,46,46
,3059,46,46
,3059,46,46
,3059,46,46
,6763,46,46
,6766,46,46
,6767,46,46
,6768,46,46
,6769,46,46
,6774,46,46
,6775,46,46
,6782,46,46
,6783,46,46
,6783,46,46
,6785,46,46
,6797,46,46
,2128,46,46
,2131,46,46
,2131,46,46
,2132,46,46
,6810,46,46
,6811,46,46
,6812,46,46
,6812,46,46
,6813,46,46
,2138,46,46
,2140,46,46
,5301,46,46
,5302,46,46
,5302,46,46
,2820,46,46
,2820,46,46
,2823,46,46
,2823,46,46
,5313,46,46
,5313,46,46
,5314,46,46
,5314,46,46
,6585,46,46
,6585,46,46
,5472,46,46
,5475,46,46
,5475,46,46
,5476,46,46
,5476,46,46
,5476,46,46
,1047,46,46
,1048,46,46
,2688,46,46
,2688,46,46
,2688,46,46
,2694,46,46
,2694,46,46
,2695,46,46
,2695,46,46
,2701,46,46
,2701,46,46
,4054,46,46
,4057,46,46
,2712,46,46
,2712,46,46
,2717,46,46
,2717,46,46
,3534,46,46
,3534,46,46
,3542,46,46
,3542,46,46
,3544,46,46
,3544,46,46
,4282,46,46
,3736,46,46
,3545,46,46
,3545,46,46
,3545,46,46
,3559,46,46
,3559,46,46
,3560,46,46
,3560,46,46
,3744,46,46
,3744,46,46
,3757,46,46
,3757,46,46
,1398,46,46
,1400,46,46
,4090,46,46
,4177,46,46
,4177,46,46
,4177,46,46
,4178,46,46
,4178,46,46
,3789,46,46
,3789,46,46
,3317,46,46
,3317,46,46
,4181,46,46
,4181,46,46
,3318,46,46
,3318,46,46
,3319,46,46
,3321,46,46
,3321,46,46
,3837,46,46
,3837,46,46
,3838,46,46
,3838,46,46
,3839,46,46
,3839,46,46
,3839,46,46
,3584,46,46
,3584,46,46
,3589,46,46
,3589,46,46
,3590,46,46
,3590,46,46
,3422,46,46
,3422,46,46
,1546,46,46
,1552,46,46
,3840,46,46
,3840,46,46
,3841,46,46
,3841,46,46
,3841,46,46
,3842,46,46
,3842,46,46
,3842,46,46
,3843,46,46
,3843,46,46
,3844,46,46
,3844,46,46
,3844,46,46
,3845,46,46
,3845,46,46
,3846,46,46
,3846,46,46
,3847,46,46
,3847,46,46
,3882,46,46
,3882,46,46
,4213,46,46
,4213,46,46
,4213,46,46
,4221,46,46
,4221,46,46
,4579,46,46
,4579,46,46
,4582,46,46
,3074,46,46
,3074,46,46
,3075,46,46
,3075,46,46
,3075,46,46
,3430,46,46
,3430,46,46
,3437,46,46
,3437,46,46
,3441,46,46
,3441,46,46
,3441,46,46
,3083,46,46
,3083,46,46
,3083,46,46
,3088,46,46
,3088,46,46
,3093,46,46
,3093,46,46
,3094,46,46
,3098,46,46
,3098,46,46
,3100,46,46
,3100,46,46
,3104,46,46
,3104,46,46
,3459,46,46
,3459,46,46
,3460,46,46
,3460,46,46
,3622,46,46
,3622,46,46
,3630,46,46
,3630,46,46
,4615,46,46
,3479,46,46
,3479,46,46
,3480,46,46
,3480,46,46
,3884,46,46
,3884,46,46
,3895,46,46
,3895,46,46
,2246,46,46
,3487,46,46
,3487,46,46
,3646,46,46
,3646,46,46
,3795,46,46
,3795,46,46
,3796,46,46
,4404,46,46
,4404,46,46
,3997,46,46
,3997,46,46
,3662,46,46
,3662,46,46
,3663,46,46
,3666,46,46
,3666,46,46
,3667,46,46
,3667,46,46
,3668,46,46
,3668,46,46
,3669,46,46
,3669,46,46
,4626,46,46
,2682,46,46
,2682,46,46
,2682,46,46
,2682,46,46
,7173,46,46
,7174,46,46
,7175,46,46
,7176,46,46
,7185,46,46
,7186,46,46
,4738,46,46
,4743,46,46
,4744,46,46
,4745,46,46
,4746,46,46
,7192,46,46
,7194,46,46
,7200,46,46
,7201,46,46
,7202,46,46
,7205,46,46
,7211,46,46
,7215,46,46
,7216,46,46
,7217,46,46
,7218,46,46
,7219,46,46
,7239,46,46
,4801,46,46
,4801,46,46
,6037,46,46
,6037,46,46
,6038,46,46
,6038,46,46
,5842,46,46
,5843,46,46
,5843,46,46
,5844,46,46
,5845,46,46
,5847,46,46
,5848,46,46
,5848,46,46
,4825,46,46
,6106,46,46
,6106,46,46
,6107,46,46
,6107,46,46
,6108,46,46
,6108,46,46
,6109,46,46
,6109,46,46
,6110,46,46
,6110,46,46
,5950,46,46
,5950,46,46
,5951,46,46
,4877,46,46
,4877,46,46
,4879,46,46
,4879,46,46
,7248,46,46
,7253,46,46
,7254,46,46
,7255,46,46
,7256,46,46
,7263,46,46
,7264,46,46
,7280,46,46
,7281,46,46
,7285,46,46
,7286,46,46
,7288,46,46
,7289,46,46
,7292,46,46
,7293,46,46
,7295,46,46
,7296,46,46
,7297,46,46
,7302,46,46
,5218,46,46
,5218,46,46
,7313,46,46
,7315,46,46
,7316,46,46
,7317,46,46
,7320,46,46
,7340,46,46
,7348,46,46
,7349,46,46
,7364,46,46
,7365,46,46
,5711,46,46
,5711,46,46
,5720,46,46
,5721,46,46
,5721,46,46
,4923,46,46
,4951,46,46
,4951,46,46
,4952,46,46
,4952,46,46
,4964,46,46
,4964,46,46
,4964,46,46
,5998,46,46
,5998,46,46
,4993,46,46
,4993,46,46
,4994,46,46
,4994,46,46
,4995,46,46
,4995,46,46
,4996,46,46
,4996,46,46
,4997,46,46
,4997,46,46
,4997,46,46
,4998,46,46
,4998,46,46
,5000,46,46
,5000,46,46
,5006,46,46
,5619,46,46
,5619,46,46
,5620,46,46
,5620,46,46
,5157,46,46
,5158,46,46
,5158,46,46
,5648,46,46
,5648,46,46
,5649,46,46
,5649,46,46
,5760,46,46
,5760,46,46
,5189,46,46
,5189,46,46
,6491,46,46
,6491,46,46
,6492,46,46
,6492,46,46
,5047,46,46
,5047,46,46
,5048,46,46
,5048,46,46
,5049,46,46
,5049,46,46
,4733,46,46
,4733,46,46
,4734,46,46
,4734,46,46
,4735,46,46
,4735,46,46
,7065,46,46
,7065,46,46
,7066,46,46
,2785,46,46
,2785,46,46
,2785,46,46
,2801,46,46
,2801,46,46
,2801,46,46
,3066,46,46
,3066,46,46
,3071,46,46
,3071,46,46
,2080,46,46
,7072,46,46
,7073,46,46
,7074,46,46
,7075,46,46
,7075,46,46
,7076,46,46
,7076,46,46
,7077,46,46
,7078,46,46
,7078,46,46
,7083,46,46
,7084,46,46
,7085,46,46
,7088,46,46
,7088,46,46
,7089,46,46
,7092,46,46
,2088,46,46
,2089,46,46
,2091,46,46
,2092,46,46
,2096,46,46
,2097,46,46
,2098,46,46
,2099,46,46
,7104,46,46
,7105,46,46
,7106,46,46
,7114,46,46
,7115,46,46
,7116,46,46
,7135,46,46
,7136,46,46
,7137,46,46
,7138,46,46
,7148,46,46
,6586,46,46
,6586,46,46
,6587,46,46
,6588,46,46
,6589,46,46
,6591,46,46
,6592,46,46
,6598,46,46
,6598,46,46
,1929,46,46
,6608,46,46
,6609,46,46
,6611,46,46
,6616,46,46
,6623,46,46
,6624,46,46
,6624,46,46
,6626,46,46
,5452,46,46
,2871,46,46
,2871,46,46
,2872,46,46
,2872,46,46
,2873,46,46
,2873,46,46
,2879,46,46
,2879,46,46
,2879,46,46
,5453,46,46
,5454,46,46
,5455,46,46
,5455,46,46
,5468,46,46
,5468,46,46
,5595,46,46
,5595,46,46
,5596,46,46
,5602,46,46
,5603,46,46
,5604,46,46
,5605,46,46
,5606,46,46
,5609,46,46
,6627,46,46
,6628,46,46
,6632,46,46
,6632,46,46
,6633,46,46
,6633,46,46
,6634,46,46
,6634,46,46
,6634,46,46
,6635,46,46
,6636,46,46
,6637,46,46
,6641,46,46
,6642,46,46
,6645,46,46
,6646,46,46
,6649,46,46
,6652,46,46
,6652,46,46
,6653,46,46
,6654,46,46
,6657,46,46
,6658,46,46
,6664,46,46
,6671,46,46
,6675,46,46
,6675,46,46
,6676,46,46
,6676,46,46
,6677,46,46
,6678,46,46
,6679,46,46
,4787,46,46
,4787,46,46
,4788,46,46
,4788,46,46
,4788,46,46
,2949,46,46
,2949,46,46
,2949,46,46
,2967,46,46
,2967,46,46
,6680,46,46
,6681,46,46
,6682,46,46
,6683,46,46
,6685,46,46
,6686,46,46
,6687,46,46
,6688,46,46
,5413,46,46
,5413,46,46
,2971,46,46
,2971,46,46
,2977,46,46
,2977,46,46
,2977,46,46
,2915,46,46
,2915,46,46
,2916,46,46
,2916,46,46
,2917,46,46
,2917,46,46
,2917,46,46
,2918,46,46
,2918,46,46
,6539,46,46
,6539,46,46
,6549,46,46
,6555,46,46
,6556,46,46
,6556,46,46
,6557,46,46
,6564,46,46
,6565,46,46
,2928,46,46
,2928,46,46
,6567,46,46
,6570,46,46
,6571,46,46
,6572,46,46
,6572,46,46
,6581,46,46
,6581,46,46
,6582,46,46
,12683,46,46
,12684,46,46
,12688,46,46
,12689,46,46
,12691,46,46
,12691,46,46
,12691,46,46
,658,48,48
,723,48,48
,753,48,48
,757,48,48
,761,48,48
,851,48,48
,856,48,48
,960,48,48
,711,48,48
,712,48,48
,718,48,48
,810,48,48
,814,48,48
,815,48,48
,816,48,48
,819,48,48
,820,48,48
,821,48,48
,827,48,48
,827,48,48
,836,48,48
,837,48,48
,838,48,48
,839,48,48
,840,48,48
,733,48,48
,734,48,48
,735,48,48
,739,48,48
,740,48,48
,742,48,48
,743,48,48
,745,48,48
,746,48,48
,747,48,48
,748,48,48
,749,48,48
,772,48,48
,773,48,48
,782,48,48
,782,48,48
,1111,48,48
,1112,48,48
,1022,48,48
,1023,48,48
,900,48,48
,909,48,48
,910,48,48
,914,48,48
,915,48,48
,916,48,48
,917,48,48
,919,48,48
,920,48,48
,921,48,48
,922,48,48
,923,48,48
,767,48,48
,764,48,48
,1026,48,48
,1026,48,48
,1024,48,48
,1185,48,48
,1412,48,48
,1428,48,48
,1234,48,48
,1235,48,48
,1236,48,48
,1237,48,48
,1248,48,48
,1270,48,48
,1271,48,48
,1596,48,48
,1598,48,48
,1599,48,48
,1600,48,48
,1605,48,48
,1614,48,48
,1624,48,48
,1626,48,48
,1627,48,48
,1630,48,48
,1631,48,48
,1632,48,48
,1633,48,48
,1634,48,48
,1635,48,48
,1636,48,48
,1639,48,48
,1640,48,48
,1643,48,48
,1646,48,48
,1646,48,48
,1647,48,48
,1647,48,48
,1648,48,48
,1650,48,48
,1650,48,48
,1651,48,48
,1651,48,48
,1652,48,48
,1652,48,48
,1653,48,48
,1653,48,48
,1286,48,48
,1294,48,48
,1295,48,48
,1296,48,48
,1297,48,48
,1298,48,48
,1299,48,48
,1300,48,48
,1301,48,48
,1577,48,48
,1581,48,48
,1582,48,48
,1583,48,48
,1587,48,48
,1588,48,48
,1589,48,48
,2157,48,48
,2166,48,48
,2168,48,48
,2169,48,48
,2172,48,48
,2174,48,48
,3241,48,48
,3241,48,48
,1655,48,48
,1657,48,48
,1659,48,48
,1660,48,48
,1661,48,48
,1662,48,48
,1663,48,48
,1664,48,48
,1665,48,48
,1666,48,48
,1669,48,48
,1670,48,48
,1671,48,48
,1672,48,48
,1673,48,48
,3349,48,48
,3349,48,48
,3385,48,48
,3385,48,48
,3386,48,48
,3386,48,48
,3387,48,48
,3387,48,48
,3389,48,48
,3389,48,48
,3257,48,48
,3257,48,48
,3271,48,48
,3271,48,48
,3272,48,48
,3273,48,48
,3273,48,48
,3286,48,48
,3286,48,48
,3298,48,48
,3298,48,48
,3299,48,48
,3299,48,48
,3311,48,48
,3311,48,48
,788,48,48
,788,48,48
,789,48,48
,789,48,48
,791,48,48
,793,48,48
,997,48,48
,998,48,48
,999,48,48
,1000,48,48
,1002,48,48
,925,48,48
,926,48,48
,927,48,48
,929,48,48
,930,48,48
,931,48,48
,948,48,48
,949,48,48
,1106,48,48
,1107,48,48
,1108,48,48
,1109,48,48
,1110,48,48
,1718,48,48
,1725,48,48
,1728,48,48
,1731,48,48
,1732,48,48
,1738,48,48
,1858,48,48
,1867,48,48
,1868,48,48
,1869,48,48
,1871,48,48
,1871,48,48
,1872,48,48
,1873,48,48
,1874,48,48
,6934,48,48
,6946,48,48
,6947,48,48
,6948,48,48
,6951,48,48
,6952,48,48
,6953,48,48
,6954,48,48
,6955,48,48
,1740,48,48
,1741,48,48
,1744,48,48
,1744,48,48
,1745,48,48
,1746,48,48
,1749,48,48
,1751,48,48
,6994,48,48
,6995,48,48
,6997,48,48
,7001,48,48
,7007,48,48
,7010,48,48
,7011,48,48
,7012,48,48
,7014,48,48
,7015,48,48
,7017,48,48
,7018,48,48
,7022,48,48
,7025,48,48
,7039,48,48
,7040,48,48
,1756,48,48
,1758,48,48
,1759,48,48
,1763,48,48
,1763,48,48
,1764,48,48
,1764,48,48
,1765,48,48
,1766,48,48
,1768,48,48
,1769,48,48
,1770,48,48
,1774,48,48
,1976,48,48
,7046,48,48
,1777,48,48
,1780,48,48
,1781,48,48
,1784,48,48
,1785,48,48
,4143,48,48
,1800,48,48
,1800,48,48
,1990,48,48
,1992,48,48
,1993,48,48
,1996,48,48
,1997,48,48
,1998,48,48
,1999,48,48
,2001,48,48
,2003,48,48
,2004,48,48
,2005,48,48
,4426,48,48
,4426,48,48
,4427,48,48
,4427,48,48
,4428,48,48
,4428,48,48
,4429,48,48
,4429,48,48
,4430,48,48
,4430,48,48
,6698,48,48
,6698,48,48
,2021,48,48
,2024,48,48
,6829,48,48
,6837,48,48
,6838,48,48
,6839,48,48
,6842,48,48
,6844,48,48
,6845,48,48
,6846,48,48
,6848,48,48
,6849,48,48
,6851,48,48
,6852,48,48
,6862,48,48
,4463,48,48
,4463,48,48
,4500,48,48
,4500,48,48
,2025,48,48
,2026,48,48
,2027,48,48
,2028,48,48
,2029,48,48
,2030,48,48
,2031,48,48
,2032,48,48
,2033,48,48
,2034,48,48
,2035,48,48
,2037,48,48
,2042,48,48
,2047,48,48
,6863,48,48
,6877,48,48
,6878,48,48
,4501,48,48
,4501,48,48
,6705,48,48
,6705,48,48
,6706,48,48
,6706,48,48
,4337,48,48
,4337,48,48
,3034,48,48
,3034,48,48
,3034,48,48
,6720,48,48
,6720,48,48
,6721,48,48
,6721,48,48
,6722,48,48
,6722,48,48
,6745,48,48
,6745,48,48
,6746,48,48
,6746,48,48
,6756,48,48
,6756,48,48
,4380,48,48
,4380,48,48
,6788,48,48
,6789,48,48
,6790,48,48
,6791,48,48
,6792,48,48
,6793,48,48
,6794,48,48
,6795,48,48
,6796,48,48
,1675,48,48
,1675,48,48
,1676,48,48
,1676,48,48
,1685,48,48
,1686,48,48
,1687,48,48
,1838,48,48
,1839,48,48
,2124,48,48
,2136,48,48
,6803,48,48
,6804,48,48
,6805,48,48
,6806,48,48
,6807,48,48
,6808,48,48
,1690,48,48
,1690,48,48
,1691,48,48
,1691,48,48
,1692,48,48
,1692,48,48
,1693,48,48
,1693,48,48
,1698,48,48
,1698,48,48
,1700,48,48
,1702,48,48
,1703,48,48
,1704,48,48
,1705,48,48
,2139,48,48
,2142,48,48
,2143,48,48
,2144,48,48
,2145,48,48
,2147,48,48
,5301,48,48
,5302,48,48
,5302,48,48
,1707,48,48
,1708,48,48
,1709,48,48
,1709,48,48
,1711,48,48
,1712,48,48
,1712,48,48
,1715,48,48
,1716,48,48
,1717,48,48
,5313,48,48
,5313,48,48
,5314,48,48
,5314,48,48
,5472,48,48
,5473,48,48
,1047,48,48
,1048,48,48
,1054,48,48
,1055,48,48
,4054,48,48
,4055,48,48
,4055,48,48
,4056,48,48
,4057,48,48
,1070,48,48
,1071,48,48
,1072,48,48
,1073,48,48
,1074,48,48
,1075,48,48
,1076,48,48
,3534,48,48
,3534,48,48
,4282,48,48
,3744,48,48
,3744,48,48
,3745,48,48
,3745,48,48
,3746,48,48
,3747,48,48
,3748,48,48
,3748,48,48
,3749,48,48
,3749,48,48
,3750,48,48
,3750,48,48
,3751,48,48
,3752,48,48
,1386,48,48
,1387,48,48
,1388,48,48
,1392,48,48
,1400,48,48
,3778,48,48
,3778,48,48
,3779,48,48
,3780,48,48
,3789,48,48
,3789,48,48
,3321,48,48
,3321,48,48
,1555,48,48
,1556,48,48
,1557,48,48
,1558,48,48
,1561,48,48
,1562,48,48
,1563,48,48
,1564,48,48
,1567,48,48
,3867,48,48
,4218,48,48
,4218,48,48
,4579,48,48
,4579,48,48
,4580,48,48
,4580,48,48
,4582,48,48
,3430,48,48
,3430,48,48
,3630,48,48
,3630,48,48
,4615,48,48
,4619,48,48
,4619,48,48
,4625,48,48
,3122,48,48
,3122,48,48
,3472,48,48
,3472,48,48
,3479,48,48
,3479,48,48
,3480,48,48
,3480,48,48
,3884,48,48
,3884,48,48
,3888,48,48
,3888,48,48
,2243,48,48
,3642,48,48
,3642,48,48
,3643,48,48
,3643,48,48
,3644,48,48
,3644,48,48
,3645,48,48
,3645,48,48
,3646,48,48
,3646,48,48
,3648,48,48
,3648,48,48
,3792,48,48
,3792,48,48
,3795,48,48
,3795,48,48
,3796,48,48
,4404,48,48
,4404,48,48
,3997,48,48
,3997,48,48
,7157,48,48
,7158,48,48
,7159,48,48
,7167,48,48
,7168,48,48
,7169,48,48
,7170,48,48
,7171,48,48
,7172,48,48
,4738,48,48
,4744,48,48
,4745,48,48
,4746,48,48
,7227,48,48
,7228,48,48
,7229,48,48
,7230,48,48
,5843,48,48
,5843,48,48
,5845,48,48
,5848,48,48
,5848,48,48
,4825,48,48
,4879,48,48
,4879,48,48
,7283,48,48
,7284,48,48
,7303,48,48
,7304,48,48
,7305,48,48
,4923,48,48
,5998,48,48
,5998,48,48
,5155,48,48
,5155,48,48
,5157,48,48
,5158,48,48
,5158,48,48
,2053,48,48
,2054,48,48
,2063,48,48
,2066,48,48
,2069,48,48
,7062,48,48
,7067,48,48
,1855,48,48
,1856,48,48
,2079,48,48
,2081,48,48
,2082,48,48
,7071,48,48
,7080,48,48
,7081,48,48
,2095,48,48
,7118,48,48
,7119,48,48
,7127,48,48
,7128,48,48
,7129,48,48
,7150,48,48
,1885,48,48
,1886,48,48
,1887,48,48
,1888,48,48
,1897,48,48
,2103,48,48
,2106,48,48
,2114,48,48
,2115,48,48
,2116,48,48
,2117,48,48
,2118,48,48
,2119,48,48
,2120,48,48
,1899,48,48
,1900,48,48
,1901,48,48
,1902,48,48
,1904,48,48
,1906,48,48
,1907,48,48
,1908,48,48
,1909,48,48
,1910,48,48
,1911,48,48
,1912,48,48
,1913,48,48
,1914,48,48
,1916,48,48
,1917,48,48
,1919,48,48
,1920,48,48
,1921,48,48
,1922,48,48
,1924,48,48
,1925,48,48
,1926,48,48
,1928,48,48
,5452,48,48
,5453,48,48
,5454,48,48
,5455,48,48
,5455,48,48
,5468,48,48
,5468,48,48
,4787,48,48
,4787,48,48
,6689,48,48
,6689,48,48
,6691,48,48
,6692,48,48
,6692,48,48
,6694,48,48
,6694,48,48
,6696,48,48
,6696,48,48
,6697,48,48
,6697,48,48
,1955,48,48
,1956,48,48
,1958,48,48
,1959,48,48
,1960,48,48
,1962,48,48
,658,49,49
,723,49,49
,753,49,49
,755,49,49
,757,49,49
,761,49,49
,851,49,49
,856,49,49
,711,49,49
,712,49,49
,810,49,49
,814,49,49
,815,49,49
,816,49,49
,819,49,49
,820,49,49
,821,49,49
,827,49,49
,827,49,49
,836,49,49
,837,49,49
,838,49,49
,839,49,49
,840,49,49
,733,49,49
,734,49,49
,735,49,49
,742,49,49
,743,49,49
,745,49,49
,746,49,49
,747,49,49
,748,49,49
,749,49,49
,772,49,49
,782,49,49
,782,49,49
,1111,49,49
,1112,49,49
,1113,49,49
,1126,49,49
,1022,49,49
,1023,49,49
,898,49,49
,900,49,49
,909,49,49
,910,49,49
,913,49,49
,914,49,49
,915,49,49
,917,49,49
,919,49,49
,920,49,49
,921,49,49
,922,49,49
,923,49,49
,767,49,49
,764,49,49
,765,49,49
,1037,49,49
,1024,49,49
,1185,49,49
,1171,49,49
,1412,49,49
,1234,49,49
,1235,49,49
,1236,49,49
,1270,49,49
,1271,49,49
,1596,49,49
,1597,49,49
,1598,49,49
,1599,49,49
,1600,49,49
,1605,49,49
,1627,49,49
,1630,49,49
,1633,49,49
,1635,49,49
,1636,49,49
,1639,49,49
,1640,49,49
,1643,49,49
,1646,49,49
,1646,49,49
,1647,49,49
,1647,49,49
,1648,49,49
,1650,49,49
,1650,49,49
,1651,49,49
,1651,49,49
,1652,49,49
,1652,49,49
,1286,49,49
,1294,49,49
,1295,49,49
,1301,49,49
,1581,49,49
,1582,49,49
,1583,49,49
,1587,49,49
,1588,49,49
,1589,49,49
,2157,49,49
,2172,49,49
,2173,49,49
,1657,49,49
,1659,49,49
,1660,49,49
,1661,49,49
,1662,49,49
,1663,49,49
,1664,49,49
,1669,49,49
,1671,49,49
,1672,49,49
,1673,49,49
,3349,49,49
,3349,49,49
,3387,49,49
,3387,49,49
,3389,49,49
,3389,49,49
,3257,49,49
,3257,49,49
,3298,49,49
,3298,49,49
,788,49,49
,788,49,49
,789,49,49
,789,49,49
,790,49,49
,791,49,49
,793,49,49
,798,49,49
,806,49,49
,993,49,49
,996,49,49
,997,49,49
,998,49,49
,1000,49,49
,1002,49,49
,924,49,49
,925,49,49
,926,49,49
,927,49,49
,929,49,49
,930,49,49
,931,49,49
,948,49,49
,949,49,49
,1106,49,49
,1107,49,49
,1108,49,49
,1109,49,49
,1110,49,49
,1718,49,49
,1725,49,49
,1728,49,49
,1731,49,49
,1732,49,49
,1738,49,49
,1867,49,49
,1868,49,49
,1869,49,49
,1871,49,49
,1871,49,49
,1872,49,49
,1873,49,49
,1874,49,49
,6934,49,49
,6936,49,49
,6946,49,49
,6947,49,49
,6948,49,49
,6951,49,49
,6953,49,49
,6954,49,49
,1740,49,49
,1741,49,49
,1744,49,49
,1744,49,49
,1745,49,49
,1746,49,49
,1749,49,49
,1751,49,49
,6994,49,49
,6995,49,49
,6997,49,49
,7006,49,49
,7007,49,49
,7011,49,49
,7014,49,49
,7018,49,49
,7022,49,49
,7040,49,49
,1756,49,49
,1759,49,49
,1763,49,49
,1763,49,49
,1764,49,49
,1764,49,49
,1765,49,49
,1766,49,49
,1768,49,49
,1769,49,49
,1770,49,49
,1976,49,49
,7046,49,49
,1777,49,49
,1780,49,49
,1781,49,49
,1784,49,49
,1785,49,49
,1800,49,49
,1800,49,49
,1990,49,49
,1992,49,49
,1993,49,49
,1994,49,49
,1996,49,49
,1997,49,49
,1998,49,49
,1999,49,49
,2001,49,49
,2003,49,49
,2004,49,49
,2005,49,49
,4426,49,49
,4426,49,49
,4427,49,49
,4427,49,49
,4428,49,49
,4428,49,49
,4429,49,49
,4429,49,49
,4430,49,49
,4430,49,49
,6827,49,49
,2021,49,49
,6829,49,49
,6837,49,49
,6838,49,49
,6839,49,49
,6842,49,49
,6844,49,49
,6845,49,49
,6846,49,49
,6848,49,49
,6849,49,49
,6851,49,49
,6852,49,49
,6862,49,49
,4463,49,49
,4463,49,49
,4500,49,49
,4500,49,49
,2025,49,49
,2027,49,49
,2028,49,49
,2029,49,49
,2030,49,49
,2031,49,49
,2032,49,49
,2033,49,49
,2034,49,49
,2035,49,49
,2037,49,49
,2042,49,49
,2047,49,49
,6863,49,49
,6874,49,49
,6876,49,49
,4501,49,49
,4501,49,49
,6710,49,49
,6710,49,49
,6710,49,49
,4337,49,49
,4337,49,49
,6721,49,49
,6721,49,49
,6727,49,49
,6728,49,49
,6728,49,49
,6730,49,49
,6730,49,49
,6736,49,49
,6736,49,49
,6742,49,49
,6746,49,49
,6746,49,49
,6752,49,49
,6766,49,49
,6774,49,49
,6775,49,49
,6776,49,49
,6776,49,49
,6777,49,49
,6777,49,49
,6788,49,49
,6789,49,49
,6790,49,49
,6791,49,49
,6792,49,49
,6793,49,49
,6794,49,49
,6795,49,49
,6796,49,49
,1675,49,49
,1675,49,49
,1676,49,49
,1676,49,49
,1685,49,49
,1686,49,49
,1687,49,49
,1838,49,49
,1839,49,49
,6799,49,49
,6801,49,49
,6802,49,49
,6803,49,49
,6804,49,49
,6805,49,49
,6806,49,49
,6807,49,49
,6808,49,49
,1690,49,49
,1690,49,49
,1691,49,49
,1691,49,49
,1692,49,49
,1692,49,49
,1693,49,49
,1693,49,49
,1698,49,49
,1698,49,49
,1700,49,49
,1702,49,49
,1703,49,49
,1704,49,49
,1705,49,49
,2142,49,49
,1707,49,49
,1708,49,49
,1709,49,49
,1709,49,49
,1711,49,49
,1712,49,49
,1712,49,49
,1715,49,49
,1716,49,49
,1717,49,49
,5314,49,49
,5314,49,49
,6585,49,49
,6585,49,49
,1047,49,49
,1048,49,49
,1054,49,49
,1055,49,49
,4054,49,49
,4055,49,49
,4055,49,49
,4056,49,49
,1070,49,49
,1071,49,49
,1072,49,49
,1073,49,49
,1074,49,49
,1075,49,49
,1076,49,49
,3559,49,49
,3559,49,49
,3560,49,49
,3560,49,49
,3744,49,49
,3744,49,49
,3745,49,49
,3745,49,49
,3746,49,49
,3747,49,49
,3748,49,49
,3748,49,49
,3749,49,49
,3749,49,49
,3750,49,49
,3750,49,49
,3751,49,49
,3752,49,49
,1387,49,49
,1400,49,49
,3778,49,49
,3778,49,49
,3779,49,49
,3780,49,49
,3789,49,49
,3789,49,49
,1557,49,49
,1558,49,49
,1559,49,49
,1560,49,49
,1562,49,49
,3867,49,49
,4218,49,49
,4218,49,49
,4580,49,49
,4580,49,49
,3630,49,49
,3630,49,49
,4619,49,49
,4619,49,49
,4625,49,49
,3884,49,49
,3884,49,49
,3888,49,49
,3888,49,49
,2243,49,49
,3642,49,49
,3642,49,49
,3643,49,49
,3643,49,49
,3644,49,49
,3644,49,49
,3645,49,49
,3645,49,49
,3646,49,49
,3646,49,49
,3648,49,49
,3648,49,49
,3792,49,49
,3792,49,49
,3795,49,49
,3795,49,49
,3796,49,49
,4404,49,49
,4404,49,49
,3997,49,49
,3997,49,49
,7167,49,49
,4738,49,49
,4744,49,49
,4745,49,49
,7228,49,49
,4879,49,49
,4879,49,49
,2069,49,49
,7062,49,49
,7067,49,49
,1855,49,49
,1856,49,49
,2078,49,49
,2079,49,49
,2081,49,49
,7071,49,49
,7075,49,49
,7075,49,49
,7080,49,49
,7081,49,49
,2083,49,49
,2095,49,49
,1885,49,49
,1886,49,49
,1887,49,49
,1888,49,49
,1897,49,49
,2114,49,49
,2115,49,49
,2116,49,49
,2117,49,49
,2118,49,49
,6598,49,49
,6598,49,49
,1899,49,49
,1900,49,49
,1901,49,49
,1902,49,49
,1904,49,49
,1906,49,49
,1907,49,49
,1908,49,49
,1909,49,49
,1910,49,49
,1911,49,49
,1912,49,49
,1913,49,49
,1914,49,49
,1916,49,49
,1917,49,49
,1919,49,49
,1920,49,49
,1921,49,49
,1922,49,49
,1924,49,49
,1925,49,49
,1926,49,49
,6616,49,49
,6618,49,49
,6618,49,49
,6618,49,49
,6632,49,49
,6632,49,49
,6634,49,49
,6634,49,49
,6634,49,49
,6646,49,49
,4787,49,49
,4787,49,49
,6681,49,49
,6565,49,49
,6581,49,49
,6581,49,49
,1955,49,49
,1956,49,49
,1958,49,49
,1959,49,49
,1960,49,49
,1962,49,49
,666,12,12
,666,12,12
,701,12,12
,450,12,12
,353,12,12
,356,12,12
,371,12,12
,539,12,12
,672,12,12
,673,12,12
,673,12,12
,673,12,12
,677,12,12
,678,12,12
,684,12,12
,691,12,12
,691,12,12
,1618,12,12
,2160,12,12
,2160,12,12
,1719,12,12
,1863,12,12
,1864,12,12
,1865,12,12
,1866,12,12
,1773,12,12
,2131,12,12
,2131,12,12
,2132,12,12
,1546,12,12
,12681,12,12
,12683,12,12
,12684,12,12
,12687,12,12
,12691,12,12
,12691,12,12
,12691,12,12
,666,14,14
,666,14,14
,701,14,14
,450,14,14
,353,14,14
,356,14,14
,539,14,14
,548,14,14
,672,14,14
,673,14,14
,673,14,14
,673,14,14
,678,14,14
,684,14,14
,691,14,14
,691,14,14
,1603,14,14
,1604,14,14
,1618,14,14
,1590,14,14
,1591,14,14
,1592,14,14
,2160,14,14
,2160,14,14
,1719,14,14
,1863,14,14
,1864,14,14
,1865,14,14
,1866,14,14
,1773,14,14
,2131,14,14
,2131,14,14
,1546,14,14
,12681,14,14
,12683,14,14
,12684,14,14
,12687,14,14
,12691,14,14
,12691,14,14
,12691,14,14
,723,8,8
,755,8,8
,814,8,8
,816,8,8
,819,8,8
,821,8,8
,839,8,8
,840,8,8
,735,8,8
,1111,8,8
,900,8,8
,917,8,8
,919,8,8
,920,8,8
,921,8,8
,923,8,8
,767,8,8
,366,8,8
,765,8,8
,1236,8,8
,1602,8,8
,1603,8,8
,1604,8,8
,1605,8,8
,1626,8,8
,1591,8,8
,1592,8,8
,2166,8,8
,2167,8,8
,2168,8,8
,2169,8,8
,2171,8,8
,2172,8,8
,2174,8,8
,1657,8,8
,1659,8,8
,1660,8,8
,1661,8,8
,1662,8,8
,1663,8,8
,1664,8,8
,1665,8,8
,1666,8,8
,1671,8,8
,1672,8,8
,1673,8,8
,925,8,8
,926,8,8
,931,8,8
,1106,8,8
,1107,8,8
,1108,8,8
,1756,8,8
,1759,8,8
,1765,8,8
,1766,8,8
,1774,8,8
,1780,8,8
,2025,8,8
,2026,8,8
,2027,8,8
,2028,8,8
,2029,8,8
,2030,8,8
,2031,8,8
,2032,8,8
,2033,8,8
,1685,8,8
,1686,8,8
,1687,8,8
,1838,8,8
,1839,8,8
,2136,8,8
,2137,8,8
,2139,8,8
,2142,8,8
,2143,8,8
,2144,8,8
,2145,8,8
,2147,8,8
,2148,8,8
,2149,8,8
,1561,8,8
,1562,8,8
,1955,8,8
,723,82,82
,712,82,82
,814,82,82
,815,82,82
,816,82,82
,819,82,82
,840,82,82
,733,82,82
,734,82,82
,735,82,82
,1111,82,82
,900,82,82
,767,82,82
,765,82,82
,1107,82,82
,1108,82,82
,1109,82,82
,1110,82,82
,1773,82,82
,757,22,22
,856,22,22
,836,22,22
,838,22,22
,742,22,22
,743,22,22
,745,22,22
,747,22,22
,749,22,22
,772,22,22
,777,22,22
,778,22,22
,909,22,22
,910,22,22
,1026,22,22
,1026,22,22
,1185,22,22
,1412,22,22
,1416,22,22
,1428,22,22
,1270,22,22
,1271,22,22
,1596,22,22
,1599,22,22
,1600,22,22
,1633,22,22
,1634,22,22
,1635,22,22
,1636,22,22
,1639,22,22
,1640,22,22
,1643,22,22
,1648,22,22
,1286,22,22
,1294,22,22
,1295,22,22
,1296,22,22
,1297,22,22
,1298,22,22
,1299,22,22
,1300,22,22
,1301,22,22
,1305,22,22
,3236,22,22
,3236,22,22
,3236,22,22
,3241,22,22
,3241,22,22
,1672,22,22
,1673,22,22
,3385,22,22
,3385,22,22
,3386,22,22
,3386,22,22
,3387,22,22
,3387,22,22
,3389,22,22
,3389,22,22
,3271,22,22
,3271,22,22
,3273,22,22
,3273,22,22
,3286,22,22
,3286,22,22
,3291,22,22
,3298,22,22
,3298,22,22
,3299,22,22
,3299,22,22
,3311,22,22
,3311,22,22
,3312,22,22
,3312,22,22
,798,22,22
,932,22,22
,961,22,22
,962,22,22
,6934,22,22
,6936,22,22
,6946,22,22
,6947,22,22
,6948,22,22
,6951,22,22
,6952,22,22
,6953,22,22
,6954,22,22
,6955,22,22
,6994,22,22
,6995,22,22
,6996,22,22
,6997,22,22
,7001,22,22
,7006,22,22
,7007,22,22
,7010,22,22
,7011,22,22
,7012,22,22
,7014,22,22
,7015,22,22
,7017,22,22
,7018,22,22
,7022,22,22
,7025,22,22
,7039,22,22
,7040,22,22
,1756,22,22
,1759,22,22
,1766,22,22
,7046,22,22
,4143,22,22
,4426,22,22
,4426,22,22
,4427,22,22
,4427,22,22
,4428,22,22
,4428,22,22
,4429,22,22
,4429,22,22
,4430,22,22
,4430,22,22
,6698,22,22
,6698,22,22
,6829,22,22
,6837,22,22
,6838,22,22
,6839,22,22
,6842,22,22
,6844,22,22
,6845,22,22
,6846,22,22
,6849,22,22
,6851,22,22
,6852,22,22
,6862,22,22
,4463,22,22
,4463,22,22
,4500,22,22
,4500,22,22
,6863,22,22
,6874,22,22
,6876,22,22
,6877,22,22
,6878,22,22
,4501,22,22
,4501,22,22
,6705,22,22
,6705,22,22
,6706,22,22
,6706,22,22
,6707,22,22
,6707,22,22
,4337,22,22
,4337,22,22
,6720,22,22
,6720,22,22
,6721,22,22
,6721,22,22
,6722,22,22
,6722,22,22
,6728,22,22
,6728,22,22
,6730,22,22
,6730,22,22
,6734,22,22
,6734,22,22
,6735,22,22
,6735,22,22
,6745,22,22
,6745,22,22
,6746,22,22
,6746,22,22
,6756,22,22
,6756,22,22
,4380,22,22
,4380,22,22
,6776,22,22
,6776,22,22
,6777,22,22
,6777,22,22
,6788,22,22
,6789,22,22
,6790,22,22
,6791,22,22
,6792,22,22
,6793,22,22
,6794,22,22
,6795,22,22
,6796,22,22
,6798,22,22
,6799,22,22
,6801,22,22
,6802,22,22
,6803,22,22
,6805,22,22
,6806,22,22
,6807,22,22
,6808,22,22
,1705,22,22
,5301,22,22
,5302,22,22
,5302,22,22
,5313,22,22
,5313,22,22
,5314,22,22
,5314,22,22
,5472,22,22
,5473,22,22
,1054,22,22
,1055,22,22
,4054,22,22
,4055,22,22
,4055,22,22
,4056,22,22
,4057,22,22
,1070,22,22
,1071,22,22
,1072,22,22
,1073,22,22
,1074,22,22
,1075,22,22
,3534,22,22
,3534,22,22
,3559,22,22
,3559,22,22
,3560,22,22
,3560,22,22
,3744,22,22
,3744,22,22
,3745,22,22
,3745,22,22
,3746,22,22
,3747,22,22
,3748,22,22
,3748,22,22
,3749,22,22
,3749,22,22
,3750,22,22
,3750,22,22
,3751,22,22
,3752,22,22
,1386,22,22
,1387,22,22
,1388,22,22
,1392,22,22
,3778,22,22
,3778,22,22
,3779,22,22
,3780,22,22
,3789,22,22
,3789,22,22
,3321,22,22
,3321,22,22
,3346,22,22
,3346,22,22
,3346,22,22
,3867,22,22
,4218,22,22
,4218,22,22
,4579,22,22
,4579,22,22
,4580,22,22
,4580,22,22
,4582,22,22
,3430,22,22
,3430,22,22
,3437,22,22
,3437,22,22
,3630,22,22
,3630,22,22
,4615,22,22
,4619,22,22
,4619,22,22
,4625,22,22
,3479,22,22
,3479,22,22
,3480,22,22
,3480,22,22
,3884,22,22
,3884,22,22
,3888,22,22
,3888,22,22
,2242,22,22
,2243,22,22
,3642,22,22
,3642,22,22
,3643,22,22
,3643,22,22
,3644,22,22
,3644,22,22
,3645,22,22
,3645,22,22
,3646,22,22
,3646,22,22
,3648,22,22
,3648,22,22
,3792,22,22
,3792,22,22
,3795,22,22
,3795,22,22
,3796,22,22
,4404,22,22
,4404,22,22
,3997,22,22
,3997,22,22
,7157,22,22
,7158,22,22
,7159,22,22
,7167,22,22
,7168,22,22
,7169,22,22
,7170,22,22
,7171,22,22
,7172,22,22
,4738,22,22
,4744,22,22
,4745,22,22
,7227,22,22
,7228,22,22
,7229,22,22
,7230,22,22
,5843,22,22
,5843,22,22
,5845,22,22
,5848,22,22
,5848,22,22
,4825,22,22
,4879,22,22
,4879,22,22
,7283,22,22
,7284,22,22
,7303,22,22
,7304,22,22
,7305,22,22
,4923,22,22
,5998,22,22
,5998,22,22
,5155,22,22
,5155,22,22
,5157,22,22
,5158,22,22
,5158,22,22
,7553,22,22
,7062,22,22
,7067,22,22
,7071,22,22
,7080,22,22
,7081,22,22
,7118,22,22
,7119,22,22
,7127,22,22
,7128,22,22
,7129,22,22
,7150,22,22
,1885,22,22
,1899,22,22
,1900,22,22
,1901,22,22
,1908,22,22
,5452,22,22
,5453,22,22
,5454,22,22
,5455,22,22
,5455,22,22
,5468,22,22
,5468,22,22
,4787,22,22
,4787,22,22
,6689,22,22
,6689,22,22
,6692,22,22
,6692,22,22
,6693,22,22
,6694,22,22
,6694,22,22
,6695,22,22
,6695,22,22
,6696,22,22
,6696,22,22
,6697,22,22
,6697,22,22
,757,34,34
,856,34,34
,836,34,34
,838,34,34
,739,34,34
,740,34,34
,742,34,34
,743,34,34
,745,34,34
,746,34,34
,747,34,34
,748,34,34
,749,34,34
,772,34,34
,1596,34,34
,1599,34,34
,1600,34,34
,1624,34,34
,1632,34,34
,1633,34,34
,1634,34,34
,1635,34,34
,1636,34,34
,1639,34,34
,1640,34,34
,1643,34,34
,1646,34,34
,1646,34,34
,1648,34,34
,1651,34,34
,1651,34,34
,1652,34,34
,1652,34,34
,1653,34,34
,1653,34,34
,1577,34,34
,1581,34,34
,1655,34,34
,1749,34,34
,1698,34,34
,1698,34,34
,1705,34,34
,1054,34,34
,1055,34,34
,1070,34,34
,1071,34,34
,1072,34,34
,1073,34,34
,1074,34,34
,1075,34,34
,1555,34,34
,1556,34,34
,1557,34,34
,3122,34,34
,3122,34,34
,3472,34,34
,3472,34,34
,1885,34,34
,1886,34,34
,1899,34,34
,1900,34,34
,1901,34,34
,1902,34,34
,1906,34,34
,1908,34,34
,1910,34,34
,1911,34,34
,1912,34,34
,1913,34,34
,698,3,3
,698,3,3
,698,3,3
,699,3,3
,814,3,3
,815,3,3
,816,3,3
,820,3,3
,733,3,3
,735,3,3
,765,3,3
,3311,3,3
,3311,3,3
,1107,3,3
,3491,3,3
,3491,3,3
,3492,3,3
,3492,3,3
,6991,3,3
,6991,3,3
,7000,3,3
,2932,3,3
,2932,3,3
,2933,3,3
,2933,3,3
,2720,3,3
,2720,3,3
,2987,3,3
,2987,3,3
,4502,3,3
,4502,3,3
,6706,3,3
,6706,3,3
,6710,3,3
,6710,3,3
,6710,3,3
,6751,3,3
,6751,3,3
,6752,3,3
,3050,3,3
,3050,3,3
,3051,3,3
,3051,3,3
,6793,3,3
,6585,3,3
,6585,3,3
,3318,3,3
,3318,3,3
,3088,3,3
,3088,3,3
,3630,3,3
,3630,3,3
,7084,3,3
,6609,3,3
,2871,3,3
,2871,3,3
,6634,3,3
,6634,3,3
,6634,3,3
,4788,3,3
,4788,3,3
,4788,3,3
,6686,3,3
,2915,3,3
,2915,3,3
,2916,3,3
,2916,3,3
,6562,3,3
,6562,3,3
,6563,3,3
,6564,3,3
,6579,3,3
,6581,3,3
,6581,3,3
,12688,3,3
,12689,3,3
,712,50,50
,816,50,50
,839,50,50
,735,50,50
,1111,50,50
,1112,50,50
,919,50,50
,767,50,50
,595,50,50
,603,50,50
,1024,50,50
,3344,50,50
,3344,50,50
,3345,50,50
,3345,50,50
,998,50,50
,925,50,50
,927,50,50
,929,50,50
,1106,50,50
,1107,50,50
,1108,50,50
,1109,50,50
SMT_111,4114,50,50
SMT_111,4114,50,50
SMT_111,4114,50,50
,4363,50,50
,4363,50,50
,7409,50,50
,7411,50,50
,7416,50,50
,814,81,81
,815,81,81
,816,81,81
,819,81,81
,840,81,81
,735,81,81
,765,81,81
,1108,81,81
,1109,81,81
,814,118,118
,735,118,118
,2931,118,118
,2931,118,118
,2719,118,118
,2719,118,118
,2723,118,118
,2723,118,118
,3034,118,118
,3034,118,118
,3034,118,118
,2700,118,118
,2700,118,118
,3103,118,118
,3103,118,118
,3796,118,118
,2674,118,118
,2674,118,118
,2879,118,118
,2879,118,118
,2879,118,118
,816,10,10
,840,10,10
,921,10,10
,765,10,10
,1603,10,10
,1604,10,10
,1590,10,10
,1592,10,10
,735,53,53
,921,53,53
,997,53,53
,1000,53,53
,924,53,53
,930,53,53
,931,53,53
,1107,53,53
,1108,53,53
,921,132,132
,366,15,15
,371,15,15
,548,15,15
,677,15,15
,1604,15,15
,1821,15,15
,539,7,7
,1591,7,7
,588,40,40
,589,40,40
,590,40,40
,591,40,40
,595,40,40
,597,40,40
,599,40,40
,602,40,40
,602,40,40
,604,40,40
,589,91,91
,595,91,91
,597,91,91
,599,91,91
,602,91,91
,602,91,91
,3231,31,31
,3231,31,31
,3231,31,31
,3232,31,31
,3232,31,31
,3232,31,31
,3233,31,31
,3233,31,31
,3401,31,31
,3401,31,31
,3401,31,31
,2849,31,31
,2849,31,31
,2853,31,31
,2853,31,31
,4114,31,31
,4114,31,31
,4114,31,31
,2736,31,31
,2736,31,31
,2736,31,31
,2750,31,31
,2750,31,31
,2751,31,31
,2751,31,31
,4363,31,31
,4363,31,31
,3058,31,31
,3058,31,31
,3058,31,31
,3059,31,31
,3059,31,31
,3059,31,31
,2688,31,31
,2688,31,31
,2688,31,31
,2712,31,31
,2712,31,31
,2715,31,31
,2715,31,31
,3544,31,31
,3544,31,31
,3142,31,31
,3142,31,31
,3545,31,31
,3545,31,31
,3545,31,31
,3757,31,31
,3757,31,31
,3899,31,31
,3899,31,31
,2782,31,31
,2782,31,31
,3000,31,31
,3000,31,31
,3000,31,31
,3001,31,31
,3001,31,31
,2807,31,31
,2807,31,31
,6586,31,31
,6586,31,31
,6587,31,31
,6588,31,31
,6591,31,31
,6598,31,31
,6598,31,31
,6599,31,31
,6607,31,31
,6617,31,31
,6618,31,31
,6618,31,31
,6618,31,31
,2860,31,31
,2860,31,31
,6624,31,31
,6624,31,31
,6625,31,31
,6625,31,31
,6626,31,31
,2872,31,31
,2872,31,31
,2873,31,31
,2873,31,31
,2874,31,31
,2874,31,31
,6628,31,31
,2904,31,31
,2904,31,31
,2939,31,31
,2939,31,31
,2939,31,31
,6675,31,31
,6675,31,31
,2949,31,31
,2949,31,31
,2949,31,31
,2977,31,31
,2977,31,31
,2977,31,31
,2978,31,31
,2978,31,31
,2978,31,31
,2914,31,31
,2914,31,31
,2917,31,31
,2917,31,31
,2917,31,31
,6538,31,31
,6539,31,31
,6539,31,31
,6549,31,31
,6552,31,31
,6553,31,31
,6553,31,31
,6565,31,31
,2928,31,31
,2928,31,31
,2929,31,31
,2929,31,31
,6566,31,31
,6582,31,31
,3232,111,111
,3232,111,111
,3232,111,111
,3344,111,111
,3344,111,111
,3345,111,111
,3345,111,111
,4114,111,111
,4114,111,111
,4114,111,111
,2934,111,111
,2934,111,111
,2934,111,111
,2992,111,111
,2992,111,111
,2993,111,111
,2993,111,111
,4498,111,111
,4498,111,111
,4363,111,111
,4363,111,111
,4365,111,111
,4365,111,111
,3053,111,111
,3053,111,111
,3054,111,111
,3054,111,111
,2688,111,111
,2688,111,111
,2688,111,111
,2701,111,111
,2701,111,111
,2715,111,111
,2715,111,111
,3542,111,111
,3542,111,111
,3142,111,111
,3142,111,111
,3545,111,111
,3545,111,111
,3545,111,111
,4575,111,111
,4575,111,111
,3846,111,111
,3846,111,111
,3598,111,111
,3598,111,111
,3375,111,111
,3375,111,111
,3896,111,111
,3896,111,111
,3899,111,111
,3899,111,111
,3133,111,111
,3133,111,111
,3664,111,111
,3664,111,111
,2791,111,111
,2791,111,111
,2792,111,111
,2792,111,111
,2792,111,111
,2794,111,111
,2794,111,111
,2794,111,111
,2795,111,111
,2795,111,111
,2795,111,111
,2797,111,111
,2797,111,111
,2802,111,111
,2802,111,111
,2802,111,111
,2939,111,111
,2939,111,111
,2939,111,111
,2940,111,111
,2940,111,111
,2940,111,111
,2941,111,111
,2941,111,111
,2964,111,111
,2964,111,111
,2967,111,111
,2967,111,111
,3345,58,58
,3345,58,58
,6923,84,84
,6923,84,84
,6932,84,84
,7037,84,84
,7037,84,84
,4503,84,84
,4503,84,84
,4503,84,84
,4178,84,84
,4178,84,84
,4735,84,84
,4735,84,84
,7084,84,84
,4788,84,84
,4788,84,84
,4788,84,84
,1821,13,13
,4508,27,27
,4508,27,27
,4508,27,27
,2701,27,27
,2701,27,27
,2682,27,27
,2682,27,27
,2682,27,27
,2682,27,27
,3066,27,27
,3066,27,27
,7409,123,123
,7411,123,123
,7416,123,123
,7410,124,124
,7412,124,124
,7413,124,124
