plant,proportion,start_date,end_date,cumulate_production,inclusive,item_code
14,100.0,63,69,0,1,139
18,0.0,63,69,0,1,139
14,100.0,36,41,0,1,139
18,0.0,36,41,0,1,139
14,100.0,49,55,0,1,139
18,0.0,49,55,0,1,139
14,80.0,77,83,0,1,139
18,20.0,77,83,0,1,139
14,100.0,70,76,0,1,139
18,0.0,70,76,0,1,139
14,80.0,91,127,0,1,139
18,20.0,91,127,0,1,139
14,80.0,128,133,0,1,139
18,20.0,128,133,0,1,139
14,100.0,42,48,0,1,139
18,0.0,42,48,0,1,139
14,80.0,84,90,0,1,139
18,20.0,84,90,0,1,139
14,100.0,56,62,0,1,139
18,0.0,56,62,0,1,139
70,100.0,49,55,0,1,198
70,100.0,63,69,0,1,198
70,100.0,128,133,0,1,198
70,100.0,77,83,0,1,198
70,100.0,70,76,0,1,198
70,100.0,91,127,0,1,198
70,100.0,36,41,8,1,198
70,100.0,42,48,0,1,198
70,100.0,56,62,0,1,198
70,100.0,84,90,0,1,198
72,100.0,36,41,15,1,623
72,100.0,128,133,0,1,623
72,100.0,77,83,0,1,623
72,100.0,63,69,0,1,623
72,100.0,49,55,0,1,623
72,100.0,84,90,0,1,623
72,100.0,91,127,0,1,623
72,100.0,56,62,0,1,623
72,100.0,42,48,10,1,623
72,100.0,70,76,0,1,623
72,100.0,63,69,0,1,216
72,100.0,70,76,0,1,216
72,100.0,36,41,0,1,216
72,100.0,84,90,0,1,216
72,100.0,42,48,0,1,216
72,100.0,56,62,0,1,216
72,100.0,77,83,0,1,216
72,100.0,128,133,0,1,216
72,100.0,91,127,0,1,216
72,100.0,49,55,0,1,216
14,70.0,36,41,370,1,100
72,30.0,36,41,0,1,100
14,70.0,128,133,0,1,100
72,30.0,128,133,0,1,100
14,70.0,63,69,0,1,100
72,30.0,63,69,0,1,100
14,70.0,70,76,0,1,100
72,30.0,70,76,0,1,100
14,70.0,56,62,0,1,100
72,30.0,56,62,0,1,100
14,70.0,42,48,0,1,100
72,30.0,42,48,0,1,100
14,70.0,84,90,0,1,100
72,30.0,84,90,0,1,100
14,70.0,91,127,0,1,100
72,30.0,91,127,0,1,100
14,70.0,77,83,0,1,100
72,30.0,77,83,0,1,100
14,70.0,49,55,0,1,100
72,30.0,49,55,0,1,100
70,100.0,36,41,0,1,578
70,100.0,84,90,0,1,578
70,100.0,56,62,0,1,578
70,100.0,77,83,0,1,578
70,100.0,91,127,0,1,578
70,100.0,63,69,0,1,578
70,100.0,49,55,0,1,578
70,100.0,128,133,0,1,578
70,100.0,42,48,0,1,578
70,100.0,70,76,0,1,578
72,100.0,42,48,0,1,268
72,100.0,84,90,0,1,268
72,100.0,70,76,0,1,268
72,100.0,128,133,0,1,268
72,100.0,91,127,0,1,268
72,100.0,49,55,0,1,268
72,100.0,56,62,0,1,268
72,100.0,36,41,0,1,268
72,100.0,77,83,0,1,268
72,100.0,63,69,0,1,268
69,100.0,56,62,0,1,619
69,100.0,91,127,0,1,619
69,100.0,63,69,0,1,619
69,100.0,42,48,0,1,619
69,100.0,128,133,0,1,619
69,100.0,49,55,0,1,619
69,100.0,84,90,0,1,619
69,100.0,36,41,1,1,619
69,100.0,77,83,0,1,619
69,100.0,70,76,0,1,619
72,100.0,56,62,0,1,587
72,100.0,91,127,0,1,587
72,100.0,128,133,0,1,587
72,100.0,77,83,0,1,587
72,100.0,49,55,0,1,587
72,100.0,84,90,0,1,587
72,100.0,42,48,42,1,587
72,100.0,63,69,0,1,587
72,100.0,36,41,0,1,587
72,100.0,70,76,0,1,587
72,100.0,42,48,0,1,168
72,100.0,70,76,0,1,168
72,100.0,49,55,0,1,168
72,100.0,56,62,0,1,168
72,100.0,128,133,0,1,168
72,100.0,77,83,0,1,168
72,100.0,63,69,0,1,168
72,100.0,36,41,0,1,168
72,100.0,84,90,0,1,168
72,100.0,91,127,0,1,168
72,100.0,128,133,0,1,239
72,100.0,36,41,0,1,239
72,100.0,77,83,0,1,239
72,100.0,91,127,0,1,239
72,100.0,63,69,0,1,239
72,100.0,42,48,2,1,239
72,100.0,84,90,0,1,239
72,100.0,56,62,0,1,239
72,100.0,49,55,0,1,239
72,100.0,70,76,0,1,239
69,100.0,49,55,0,1,615
69,100.0,56,62,0,1,615
69,100.0,91,127,0,1,615
69,100.0,128,133,0,1,615
69,100.0,42,48,0,1,615
69,100.0,36,41,0,1,615
69,100.0,70,76,0,1,615
69,100.0,77,83,0,1,615
69,100.0,84,90,0,1,615
69,100.0,63,69,0,1,615
69,100.0,84,90,0,1,609
69,100.0,91,127,0,1,609
69,100.0,77,83,0,1,609
69,100.0,70,76,0,1,609
69,100.0,49,55,5,1,609
69,100.0,56,62,0,1,609
69,100.0,42,48,0,1,609
69,100.0,36,41,0,1,609
69,100.0,63,69,0,1,609
69,100.0,128,133,0,1,609
72,100.0,77,83,0,1,270
72,100.0,36,41,1,1,270
72,100.0,91,127,0,1,270
72,100.0,128,133,0,1,270
72,100.0,63,69,0,1,270
72,100.0,70,76,0,1,270
72,100.0,42,48,0,1,270
72,100.0,56,62,0,1,270
72,100.0,84,90,0,1,270
72,100.0,49,55,0,1,270
72,100.0,128,133,0,1,250
72,100.0,63,69,0,1,250
72,100.0,42,48,0,1,250
72,100.0,84,90,0,1,250
72,100.0,77,83,0,1,250
72,100.0,91,127,0,1,250
72,100.0,36,41,0,1,250
72,100.0,56,62,0,1,250
72,100.0,49,55,0,1,250
72,100.0,70,76,0,1,250
70,100.0,84,90,0,1,627
70,100.0,56,62,0,1,627
70,100.0,77,83,0,1,627
70,100.0,49,55,0,1,627
70,100.0,36,41,0,1,627
70,100.0,91,127,0,1,627
70,100.0,128,133,0,1,627
70,100.0,63,69,0,1,627
70,100.0,42,48,0,1,627
70,100.0,70,76,0,1,627
18,100.0,42,48,0,1,128
18,100.0,128,133,0,1,128
18,100.0,70,76,0,1,128
18,100.0,63,69,0,1,128
18,100.0,36,41,0,1,128
18,100.0,56,62,0,1,128
18,100.0,91,127,0,1,128
18,100.0,84,90,0,1,128
18,100.0,49,55,0,1,128
18,100.0,77,83,0,1,128
18,100.0,49,55,0,1,187
18,100.0,70,76,0,1,187
18,100.0,56,62,0,1,187
18,100.0,128,133,0,1,187
18,100.0,91,127,0,1,187
18,100.0,36,41,0,1,187
18,100.0,63,69,0,1,187
18,100.0,42,48,0,1,187
18,100.0,84,90,0,1,187
18,100.0,77,83,0,1,187
69,100.0,128,133,0,1,201
69,100.0,63,69,0,1,201
69,100.0,49,55,0,1,201
69,100.0,42,48,0,1,201
69,100.0,91,127,0,1,201
69,100.0,36,41,64,1,201
69,100.0,84,90,0,1,201
69,100.0,56,62,0,1,201
69,100.0,77,83,0,1,201
69,100.0,70,76,0,1,201
72,100.0,91,127,0,1,232
72,100.0,49,55,0,1,232
72,100.0,36,41,0,1,232
72,100.0,63,69,0,1,232
72,100.0,77,83,0,1,232
72,100.0,84,90,0,1,232
72,100.0,70,76,0,1,232
72,100.0,56,62,0,1,232
72,100.0,128,133,0,1,232
72,100.0,42,48,0,1,232
70,100.0,56,62,0,1,446
70,100.0,77,83,0,1,446
70,100.0,70,76,0,1,446
70,100.0,91,127,0,1,446
70,100.0,42,48,0,1,446
70,100.0,84,90,0,1,446
70,100.0,36,41,0,1,446
70,100.0,128,133,0,1,446
70,100.0,63,69,0,1,446
70,100.0,49,55,0,1,446
72,100.0,56,62,0,1,585
72,100.0,49,55,0,1,585
72,100.0,77,83,0,1,585
72,100.0,63,69,0,1,585
72,100.0,128,133,0,1,585
72,100.0,91,127,0,1,585
72,100.0,36,41,0,1,585
72,100.0,42,48,0,1,585
72,100.0,84,90,0,1,585
72,100.0,70,76,0,1,585
14,100.0,63,69,0,1,138
18,0.0,63,69,0,1,138
14,100.0,36,41,0,1,138
18,0.0,36,41,0,1,138
14,100.0,49,55,0,1,138
18,0.0,49,55,0,1,138
14,80.0,77,83,0,1,138
18,20.0,77,83,0,1,138
14,100.0,70,76,0,1,138
18,0.0,70,76,0,1,138
14,80.0,91,127,0,1,138
18,20.0,91,127,0,1,138
14,80.0,128,133,0,1,138
18,20.0,128,133,0,1,138
14,100.0,42,48,0,1,138
18,0.0,42,48,0,1,138
14,80.0,84,90,0,1,138
18,20.0,84,90,0,1,138
14,100.0,56,62,0,1,138
18,0.0,56,62,0,1,138
14,30.0,36,41,6000,1,229
18,70.0,36,41,18000,1,229
79,0.0,36,41,0,1,229
14,30.0,49,55,0,1,229
18,70.0,49,55,0,1,229
79,0.0,49,55,0,1,229
14,30.0,42,48,0,1,229
18,70.0,42,48,0,1,229
79,0.0,42,48,0,1,229
14,30.0,91,127,0,1,229
18,70.0,91,127,0,1,229
79,0.0,91,127,0,1,229
14,30.0,84,90,0,1,229
18,70.0,84,90,0,1,229
79,0.0,84,90,0,1,229
14,30.0,63,69,0,1,229
18,70.0,63,69,0,1,229
79,0.0,63,69,0,1,229
14,30.0,56,62,0,1,229
18,70.0,56,62,0,1,229
79,0.0,56,62,0,1,229
14,30.0,70,76,0,1,229
18,70.0,70,76,0,1,229
79,0.0,70,76,0,1,229
14,30.0,77,83,0,1,229
18,70.0,77,83,0,1,229
79,0.0,77,83,0,1,229
14,30.0,128,133,0,1,229
18,70.0,128,133,0,1,229
79,0.0,128,133,0,1,229
261,100.0,70,76,0,1,81
261,100.0,36,41,0,1,81
261,100.0,56,62,0,1,81
261,100.0,84,90,0,1,81
261,100.0,91,127,0,1,81
261,100.0,77,83,0,1,81
261,100.0,49,55,0,1,81
261,100.0,128,133,0,1,81
261,100.0,42,48,0,1,81
261,100.0,63,69,0,1,81
72,100.0,63,69,0,1,102
72,100.0,70,76,0,1,102
72,100.0,84,90,0,1,102
72,100.0,56,62,0,1,102
72,100.0,42,48,0,1,102
72,100.0,91,127,0,1,102
72,100.0,128,133,0,1,102
72,100.0,49,55,0,1,102
72,100.0,36,41,0,1,102
72,100.0,77,83,0,1,102
181,24.0,42,48,0,1,110
261,21.0,42,48,2000,1,110
170,0.0,42,48,0,1,110
80,28.000000000000004,42,48,8000,1,110
46,27.0,42,48,6000,1,110
148,0.0,42,48,0,1,110
181,24.0,91,127,0,1,110
261,21.0,91,127,0,1,110
170,0.0,91,127,0,1,110
80,40.0,91,127,0,1,110
46,15.0,91,127,0,1,110
148,0.0,91,127,0,1,110
181,24.0,63,69,0,1,110
261,21.0,63,69,0,1,110
170,0.0,63,69,0,1,110
80,28.000000000000004,63,69,0,1,110
46,27.0,63,69,0,1,110
148,0.0,63,69,0,1,110
181,24.0,49,55,0,1,110
261,21.0,49,55,0,1,110
170,0.0,49,55,0,1,110
80,28.000000000000004,49,55,2000,1,110
46,27.0,49,55,3000,1,110
148,0.0,49,55,0,1,110
181,24.0,36,41,3200,1,110
261,21.0,36,41,6000,1,110
170,0.0,36,41,0,1,110
80,28.000000000000004,36,41,9000,1,110
46,27.0,36,41,10000,1,110
148,0.0,36,41,0,1,110
181,24.0,128,133,0,1,110
261,21.0,128,133,0,1,110
170,0.0,128,133,0,1,110
80,40.0,128,133,0,1,110
46,15.0,128,133,0,1,110
148,0.0,128,133,0,1,110
181,24.0,70,76,0,1,110
261,21.0,70,76,0,1,110
170,0.0,70,76,0,1,110
80,24.0,70,76,0,1,110
46,31.0,70,76,0,1,110
148,0.0,70,76,0,1,110
181,24.0,56,62,0,1,110
261,21.0,56,62,0,1,110
170,0.0,56,62,0,1,110
80,28.000000000000004,56,62,0,1,110
46,27.0,56,62,0,1,110
148,0.0,56,62,0,1,110
181,24.0,77,83,0,1,110
261,21.0,77,83,0,1,110
170,0.0,77,83,0,1,110
80,24.0,77,83,0,1,110
46,31.0,77,83,0,1,110
148,0.0,77,83,0,1,110
181,24.0,84,90,0,1,110
261,21.0,84,90,0,1,110
170,0.0,84,90,0,1,110
80,24.0,84,90,0,1,110
46,31.0,84,90,0,1,110
148,0.0,84,90,0,1,110
72,100.0,36,41,0,1,263
72,100.0,49,55,0,1,263
72,100.0,42,48,0,1,263
72,100.0,70,76,0,1,263
72,100.0,63,69,0,1,263
72,100.0,128,133,0,1,263
72,100.0,84,90,0,1,263
72,100.0,56,62,0,1,263
72,100.0,91,127,0,1,263
72,100.0,77,83,0,1,263
72,100.0,84,90,0,1,256
72,100.0,128,133,0,1,256
72,100.0,70,76,0,1,256
72,100.0,56,62,0,1,256
72,100.0,42,48,0,1,256
72,100.0,49,55,200,1,256
72,100.0,77,83,0,1,256
72,100.0,36,41,0,1,256
72,100.0,63,69,0,1,256
72,100.0,91,127,0,1,256
69,100.0,70,76,0,1,613
69,100.0,128,133,0,1,613
69,100.0,56,62,0,1,613
69,100.0,36,41,0,1,613
69,100.0,91,127,0,1,613
69,100.0,77,83,0,1,613
69,100.0,63,69,0,1,613
69,100.0,42,48,0,1,613
69,100.0,49,55,0,1,613
69,100.0,84,90,0,1,613
72,100.0,77,83,0,1,273
72,100.0,128,133,0,1,273
72,100.0,84,90,0,1,273
72,100.0,70,76,0,1,273
72,100.0,63,69,0,1,273
72,100.0,36,41,0,1,273
72,100.0,91,127,0,1,273
72,100.0,49,55,0,1,273
72,100.0,42,48,0,1,273
72,100.0,56,62,0,1,273
70,100.0,91,127,0,1,454
70,100.0,36,41,60,1,454
70,100.0,63,69,0,1,454
70,100.0,84,90,0,1,454
70,100.0,49,55,0,1,454
70,100.0,77,83,0,1,454
70,100.0,70,76,0,1,454
70,100.0,42,48,0,1,454
70,100.0,56,62,0,1,454
70,100.0,128,133,0,1,454
69,100.0,63,69,0,1,195
69,100.0,84,90,0,1,195
69,100.0,70,76,0,1,195
69,100.0,36,41,0,1,195
69,100.0,56,62,0,1,195
69,100.0,91,127,0,1,195
69,100.0,128,133,0,1,195
69,100.0,77,83,0,1,195
69,100.0,42,48,0,1,195
69,100.0,49,55,0,1,195
72,100.0,36,41,50,1,45
72,100.0,84,90,0,1,45
72,100.0,70,76,0,1,45
72,100.0,49,55,0,1,45
72,100.0,91,127,0,1,45
72,100.0,42,48,0,1,45
72,100.0,77,83,0,1,45
72,100.0,56,62,0,1,45
72,100.0,63,69,0,1,45
72,100.0,128,133,0,1,45
70,100.0,49,55,0,1,197
70,100.0,63,69,0,1,197
70,100.0,128,133,0,1,197
70,100.0,77,83,0,1,197
70,100.0,70,76,0,1,197
70,100.0,91,127,0,1,197
70,100.0,36,41,8,1,197
70,100.0,42,48,0,1,197
70,100.0,56,62,0,1,197
70,100.0,84,90,0,1,197
72,100.0,63,69,0,1,92
72,100.0,84,90,0,1,92
72,100.0,70,76,0,1,92
72,100.0,77,83,0,1,92
72,100.0,128,133,0,1,92
72,100.0,36,41,0,1,92
72,100.0,49,55,0,1,92
72,100.0,42,48,0,1,92
72,100.0,56,62,0,1,92
72,100.0,91,127,0,1,92
72,100.0,36,41,15,1,622
72,100.0,128,133,0,1,622
72,100.0,77,83,0,1,622
72,100.0,63,69,0,1,622
72,100.0,49,55,0,1,622
72,100.0,84,90,0,1,622
72,100.0,91,127,0,1,622
72,100.0,56,62,0,1,622
72,100.0,42,48,10,1,622
72,100.0,70,76,0,1,622
69,100.0,77,83,0,1,463
69,100.0,56,62,0,1,463
69,100.0,49,55,0,1,463
69,100.0,91,127,0,1,463
69,100.0,128,133,0,1,463
69,100.0,42,48,0,1,463
69,100.0,63,69,0,1,463
69,100.0,36,41,80,1,463
69,100.0,84,90,0,1,463
69,100.0,70,76,0,1,463
72,100.0,56,62,0,1,246
14,0.0,56,62,0,1,246
72,100.0,128,133,0,1,246
14,0.0,128,133,0,1,246
72,100.0,36,41,0,1,246
14,0.0,36,41,0,1,246
72,100.0,42,48,0,1,246
14,0.0,42,48,0,1,246
72,100.0,84,90,0,1,246
14,0.0,84,90,0,1,246
72,100.0,77,83,0,1,246
14,0.0,77,83,0,1,246
72,100.0,70,76,0,1,246
14,0.0,70,76,0,1,246
72,100.0,49,55,0,1,246
14,0.0,49,55,0,1,246
72,100.0,91,127,0,1,246
14,0.0,91,127,0,1,246
72,100.0,63,69,0,1,246
14,0.0,63,69,0,1,246
69,100.0,42,48,0,1,453
69,100.0,128,133,0,1,453
69,100.0,70,76,0,1,453
69,100.0,49,55,0,1,453
69,100.0,91,127,0,1,453
69,100.0,63,69,0,1,453
69,100.0,77,83,0,1,453
69,100.0,56,62,0,1,453
69,100.0,84,90,0,1,453
69,100.0,36,41,0,1,453
46,100.0,42,48,0,1,97
181,0.0,42,48,0,1,97
46,60.0,128,133,0,1,97
181,40.0,128,133,0,1,97
46,60.0,91,127,0,1,97
181,40.0,91,127,0,1,97
46,60.0,77,83,0,1,97
181,40.0,77,83,0,1,97
46,100.0,56,62,0,1,97
181,0.0,56,62,0,1,97
46,100.0,63,69,0,1,97
181,0.0,63,69,0,1,97
46,60.0,70,76,0,1,97
181,40.0,70,76,0,1,97
46,100.0,36,41,4000,1,97
181,0.0,36,41,0,1,97
46,60.0,84,90,0,1,97
181,40.0,84,90,0,1,97
46,100.0,49,55,0,1,97
181,0.0,49,55,0,1,97
72,100.0,56,62,2,1,275
72,100.0,63,69,0,1,275
72,100.0,36,41,0,1,275
72,100.0,49,55,0,1,275
72,100.0,42,48,0,1,275
72,100.0,70,76,0,1,275
72,100.0,84,90,0,1,275
72,100.0,77,83,0,1,275
72,100.0,128,133,0,1,275
72,100.0,91,127,0,1,275
56,90.0,42,48,409254,1,62
138,10.0,42,48,50000,1,62
56,90.0,70,76,0,1,62
138,10.0,70,76,0,1,62
56,90.0,36,41,386488,1,62
138,10.0,36,41,297267,1,62
56,90.0,56,62,0,1,62
138,10.0,56,62,0,1,62
56,90.0,77,83,0,1,62
138,10.0,77,83,0,1,62
56,90.0,63,69,0,1,62
138,10.0,63,69,0,1,62
56,90.0,91,127,0,1,62
138,10.0,91,127,0,1,62
56,90.0,84,90,0,1,62
138,10.0,84,90,0,1,62
56,90.0,128,133,0,1,62
138,10.0,128,133,0,1,62
56,90.0,49,55,0,1,62
138,10.0,49,55,0,1,62
72,100.0,56,62,0,1,293
72,100.0,84,90,0,1,293
72,100.0,36,41,0,1,293
72,100.0,49,55,0,1,293
72,100.0,128,133,0,1,293
72,100.0,63,69,0,1,293
72,100.0,42,48,0,1,293
72,100.0,70,76,0,1,293
72,100.0,77,83,0,1,293
72,100.0,91,127,0,1,293
72,100.0,77,83,0,1,277
72,100.0,63,69,0,1,277
72,100.0,36,41,0,1,277
72,100.0,42,48,0,1,277
72,100.0,49,55,0,1,277
72,100.0,84,90,0,1,277
72,100.0,91,127,0,1,277
72,100.0,56,62,0,1,277
72,100.0,128,133,0,1,277
72,100.0,70,76,0,1,277
181,30.0,91,127,0,1,98
46,70.0,91,127,0,1,98
80,0.0,91,127,0,1,98
181,30.0,36,41,0,1,98
46,70.0,36,41,0,1,98
80,0.0,36,41,0,1,98
181,30.0,49,55,0,1,98
46,70.0,49,55,0,1,98
80,0.0,49,55,0,1,98
181,30.0,63,69,0,1,98
46,70.0,63,69,0,1,98
80,0.0,63,69,0,1,98
181,30.0,77,83,0,1,98
46,70.0,77,83,0,1,98
80,0.0,77,83,0,1,98
181,30.0,84,90,0,1,98
46,70.0,84,90,0,1,98
80,0.0,84,90,0,1,98
181,30.0,56,62,0,1,98
46,70.0,56,62,0,1,98
80,0.0,56,62,0,1,98
181,30.0,42,48,0,1,98
46,70.0,42,48,0,1,98
80,0.0,42,48,0,1,98
181,30.0,128,133,0,1,98
46,70.0,128,133,0,1,98
80,0.0,128,133,0,1,98
181,30.0,70,76,0,1,98
46,70.0,70,76,0,1,98
80,0.0,70,76,0,1,98
138,54.0,42,48,357504,1,54
56,46.0,42,48,0,1,54
138,70.0,91,127,0,1,54
56,30.0,91,127,0,1,54
138,70.0,84,90,0,1,54
56,30.0,84,90,0,1,54
138,70.0,128,133,0,1,54
56,30.0,128,133,0,1,54
138,54.0,56,62,0,1,54
56,46.0,56,62,0,1,54
138,100.0,36,41,778824,1,54
56,0.0,36,41,0,1,54
138,54.0,49,55,0,1,54
56,46.0,49,55,0,1,54
138,70.0,70,76,0,1,54
56,30.0,70,76,0,1,54
138,70.0,77,83,0,1,54
56,30.0,77,83,0,1,54
138,54.0,63,69,0,1,54
56,46.0,63,69,0,1,54
138,10.0,56,62,0,1,59
56,90.0,56,62,0,1,59
138,10.0,77,83,0,1,59
56,90.0,77,83,0,1,59
138,10.0,36,41,122042,1,59
56,90.0,36,41,242335,1,59
138,10.0,84,90,0,1,59
56,90.0,84,90,0,1,59
138,10.0,91,127,0,1,59
56,90.0,91,127,0,1,59
138,10.0,70,76,0,1,59
56,90.0,70,76,0,1,59
138,10.0,49,55,0,1,59
56,90.0,49,55,150000,1,59
138,10.0,128,133,0,1,59
56,90.0,128,133,0,1,59
138,10.0,42,48,0,1,59
56,90.0,42,48,0,1,59
138,10.0,63,69,0,1,59
56,90.0,63,69,0,1,59
56,100.0,77,83,0,1,55
56,100.0,36,41,0,1,55
56,100.0,128,133,0,1,55
56,100.0,84,90,0,1,55
56,100.0,49,55,0,1,55
56,100.0,63,69,0,1,55
56,100.0,70,76,0,1,55
56,100.0,91,127,0,1,55
56,100.0,56,62,0,1,55
56,100.0,42,48,0,1,55
72,100.0,77,83,0,1,182
72,100.0,63,69,0,1,182
72,100.0,56,62,0,1,182
72,100.0,84,90,0,1,182
72,100.0,70,76,0,1,182
72,100.0,42,48,0,1,182
72,100.0,36,41,0,1,182
72,100.0,128,133,0,1,182
72,100.0,49,55,0,1,182
72,100.0,91,127,0,1,182
70,100.0,36,41,0,1,467
70,100.0,84,90,0,1,467
70,100.0,63,69,0,1,467
70,100.0,91,127,0,1,467
70,100.0,56,62,0,1,467
70,100.0,42,48,0,1,467
70,100.0,128,133,0,1,467
70,100.0,70,76,0,1,467
70,100.0,49,55,0,1,467
70,100.0,77,83,0,1,467
72,100.0,128,133,0,1,295
72,100.0,91,127,0,1,295
72,100.0,70,76,0,1,295
72,100.0,63,69,0,1,295
72,100.0,56,62,0,1,295
72,100.0,42,48,0,1,295
72,100.0,49,55,0,1,295
72,100.0,77,83,0,1,295
72,100.0,36,41,0,1,295
72,100.0,84,90,0,1,295
14,80.0,56,62,0,1,206
72,20.0,56,62,0,1,206
14,80.0,63,69,0,1,206
72,20.0,63,69,0,1,206
14,80.0,42,48,0,1,206
72,20.0,42,48,0,1,206
14,80.0,91,127,0,1,206
72,20.0,91,127,0,1,206
14,80.0,128,133,0,1,206
72,20.0,128,133,0,1,206
14,80.0,49,55,0,1,206
72,20.0,49,55,0,1,206
14,80.0,70,76,0,1,206
72,20.0,70,76,0,1,206
14,80.0,36,41,0,1,206
72,20.0,36,41,550,1,206
14,80.0,84,90,0,1,206
72,20.0,84,90,0,1,206
14,80.0,77,83,0,1,206
72,20.0,77,83,0,1,206
148,0.0,91,127,0,1,111
170,0.0,91,127,0,1,111
181,70.0,91,127,0,1,111
46,30.0,91,127,0,1,111
148,0.0,84,90,0,1,111
170,0.0,84,90,0,1,111
181,70.0,84,90,0,1,111
46,30.0,84,90,0,1,111
148,0.0,63,69,0,1,111
170,0.0,63,69,0,1,111
181,70.0,63,69,0,1,111
46,30.0,63,69,0,1,111
148,0.0,70,76,0,1,111
170,0.0,70,76,0,1,111
181,70.0,70,76,0,1,111
46,30.0,70,76,0,1,111
148,0.0,49,55,0,1,111
170,0.0,49,55,0,1,111
181,70.0,49,55,600,1,111
46,30.0,49,55,0,1,111
148,0.0,128,133,0,1,111
170,0.0,128,133,0,1,111
181,70.0,128,133,0,1,111
46,30.0,128,133,0,1,111
148,0.0,36,41,0,1,111
170,0.0,36,41,0,1,111
181,70.0,36,41,0,1,111
46,30.0,36,41,1200,1,111
148,0.0,56,62,0,1,111
170,0.0,56,62,0,1,111
181,70.0,56,62,0,1,111
46,30.0,56,62,0,1,111
148,0.0,77,83,0,1,111
170,0.0,77,83,0,1,111
181,70.0,77,83,0,1,111
46,30.0,77,83,0,1,111
148,0.0,42,48,0,1,111
170,0.0,42,48,0,1,111
181,70.0,42,48,0,1,111
46,30.0,42,48,0,1,111
70,100.0,42,48,0,1,575
70,100.0,128,133,0,1,575
70,100.0,91,127,0,1,575
70,100.0,36,41,0,1,575
70,100.0,84,90,0,1,575
70,100.0,63,69,0,1,575
70,100.0,56,62,0,1,575
70,100.0,70,76,0,1,575
70,100.0,77,83,0,1,575
70,100.0,49,55,0,1,575
72,100.0,63,69,0,1,283
72,100.0,36,41,14,1,283
72,100.0,42,48,0,1,283
72,100.0,77,83,0,1,283
72,100.0,84,90,0,1,283
72,100.0,56,62,0,1,283
72,100.0,128,133,0,1,283
72,100.0,70,76,0,1,283
72,100.0,91,127,0,1,283
72,100.0,49,55,0,1,283
72,100.0,91,127,0,1,244
14,0.0,91,127,0,1,244
72,100.0,56,62,0,1,244
14,0.0,56,62,0,1,244
72,100.0,77,83,0,1,244
14,0.0,77,83,0,1,244
72,100.0,42,48,0,1,244
14,0.0,42,48,0,1,244
72,100.0,63,69,0,1,244
14,0.0,63,69,0,1,244
72,100.0,36,41,0,1,244
14,0.0,36,41,0,1,244
72,100.0,128,133,0,1,244
14,0.0,128,133,0,1,244
72,100.0,84,90,0,1,244
14,0.0,84,90,0,1,244
72,100.0,49,55,0,1,244
14,0.0,49,55,0,1,244
72,100.0,70,76,0,1,244
14,0.0,70,76,0,1,244
72,100.0,49,55,0,1,285
72,100.0,128,133,0,1,285
72,100.0,91,127,0,1,285
72,100.0,63,69,0,1,285
72,100.0,77,83,0,1,285
72,100.0,42,48,5,1,285
72,100.0,56,62,0,1,285
72,100.0,36,41,0,1,285
72,100.0,70,76,0,1,285
72,100.0,84,90,0,1,285
72,100.0,128,133,0,1,254
72,100.0,84,90,0,1,254
72,100.0,91,127,0,1,254
72,100.0,70,76,0,1,254
72,100.0,56,62,0,1,254
72,100.0,63,69,0,1,254
72,100.0,49,55,0,1,254
72,100.0,42,48,2,1,254
72,100.0,36,41,7,1,254
72,100.0,77,83,0,1,254
56,100.0,42,48,0,1,63
56,100.0,91,127,0,1,63
56,100.0,56,62,0,1,63
56,100.0,49,55,0,1,63
56,100.0,128,133,0,1,63
56,100.0,36,41,0,1,63
56,100.0,84,90,0,1,63
56,100.0,70,76,0,1,63
56,100.0,77,83,0,1,63
56,100.0,63,69,0,1,63
72,100.0,42,48,0,1,86
72,100.0,63,69,0,1,86
72,100.0,91,127,0,1,86
72,100.0,84,90,0,1,86
72,100.0,36,41,0,1,86
72,100.0,70,76,0,1,86
72,100.0,56,62,0,1,86
72,100.0,128,133,0,1,86
72,100.0,49,55,0,1,86
72,100.0,77,83,0,1,86
72,100.0,63,69,0,1,236
72,100.0,56,62,0,1,236
72,100.0,70,76,0,1,236
72,100.0,49,55,0,1,236
72,100.0,84,90,0,1,236
72,100.0,42,48,0,1,236
72,100.0,77,83,0,1,236
72,100.0,128,133,0,1,236
72,100.0,36,41,0,1,236
72,100.0,91,127,0,1,236
70,100.0,128,133,0,1,448
70,100.0,42,48,0,1,448
70,100.0,77,83,0,1,448
70,100.0,84,90,0,1,448
70,100.0,49,55,0,1,448
70,100.0,56,62,0,1,448
70,100.0,63,69,0,1,448
70,100.0,36,41,0,1,448
70,100.0,91,127,0,1,448
70,100.0,70,76,0,1,448
18,100.0,42,48,0,1,159
18,100.0,49,55,0,1,159
18,100.0,91,127,0,1,159
18,100.0,77,83,0,1,159
18,100.0,56,62,0,1,159
18,100.0,70,76,0,1,159
18,100.0,128,133,0,1,159
18,100.0,84,90,0,1,159
18,100.0,36,41,0,1,159
18,100.0,63,69,0,1,159
72,20.0,77,83,0,1,582
11,80.0,77,83,0,1,582
72,20.0,70,76,0,1,582
11,80.0,70,76,0,1,582
72,20.0,36,41,0,1,582
11,80.0,36,41,7500,1,582
72,20.0,128,133,0,1,582
11,80.0,128,133,0,1,582
72,20.0,91,127,0,1,582
11,80.0,91,127,0,1,582
72,20.0,49,55,0,1,582
11,80.0,49,55,0,1,582
72,20.0,84,90,0,1,582
11,80.0,84,90,0,1,582
72,20.0,63,69,0,1,582
11,80.0,63,69,0,1,582
72,20.0,42,48,0,1,582
11,80.0,42,48,2375,1,582
72,20.0,56,62,0,1,582
11,80.0,56,62,0,1,582
14,70.0,36,41,370,1,99
72,30.0,36,41,0,1,99
14,70.0,128,133,0,1,99
72,30.0,128,133,0,1,99
14,70.0,63,69,0,1,99
72,30.0,63,69,0,1,99
14,70.0,70,76,0,1,99
72,30.0,70,76,0,1,99
14,70.0,56,62,0,1,99
72,30.0,56,62,0,1,99
14,70.0,42,48,0,1,99
72,30.0,42,48,0,1,99
14,70.0,84,90,0,1,99
72,30.0,84,90,0,1,99
14,70.0,91,127,0,1,99
72,30.0,91,127,0,1,99
14,70.0,77,83,0,1,99
72,30.0,77,83,0,1,99
14,70.0,49,55,0,1,99
72,30.0,49,55,0,1,99
72,0.0,84,90,0,1,193
14,100.0,84,90,0,1,193
72,0.0,36,41,0,1,193
14,100.0,36,41,2200,1,193
72,0.0,42,48,0,1,193
14,100.0,42,48,0,1,193
72,0.0,63,69,0,1,193
14,100.0,63,69,0,1,193
72,0.0,91,127,0,1,193
14,100.0,91,127,0,1,193
72,0.0,77,83,0,1,193
14,100.0,77,83,0,1,193
72,0.0,70,76,0,1,193
14,100.0,70,76,0,1,193
72,0.0,128,133,0,1,193
14,100.0,128,133,0,1,193
72,0.0,56,62,0,1,193
14,100.0,56,62,0,1,193
72,0.0,49,55,0,1,193
14,100.0,49,55,0,1,193
56,10.0,63,69,0,1,51
138,90.0,63,69,0,1,51
56,10.0,77,83,0,1,51
138,90.0,77,83,0,1,51
56,10.0,91,127,0,1,51
138,90.0,91,127,0,1,51
56,10.0,49,55,0,1,51
138,90.0,49,55,0,1,51
56,10.0,128,133,0,1,51
138,90.0,128,133,0,1,51
56,10.0,84,90,0,1,51
138,90.0,84,90,0,1,51
56,10.0,70,76,0,1,51
138,90.0,70,76,0,1,51
56,10.0,36,41,0,1,51
138,90.0,36,41,0,1,51
56,10.0,56,62,0,1,51
138,90.0,56,62,0,1,51
56,10.0,42,48,0,1,51
138,90.0,42,48,0,1,51
70,100.0,36,41,0,1,577
70,100.0,84,90,0,1,577
70,100.0,56,62,0,1,577
70,100.0,77,83,0,1,577
70,100.0,91,127,0,1,577
70,100.0,63,69,0,1,577
70,100.0,49,55,0,1,577
70,100.0,128,133,0,1,577
70,100.0,42,48,0,1,577
70,100.0,70,76,0,1,577
168,100.0,77,83,0,1,101
168,100.0,42,48,0,1,101
168,100.0,128,133,0,1,101
168,100.0,84,90,0,1,101
168,100.0,63,69,0,1,101
168,100.0,56,62,0,1,101
168,100.0,49,55,0,1,101
168,100.0,70,76,0,1,101
168,100.0,91,127,0,1,101
168,100.0,36,41,0,1,101
14,100.0,49,55,0,1,177
14,100.0,128,133,0,1,177
14,100.0,91,127,0,1,177
14,100.0,84,90,0,1,177
14,100.0,42,48,0,1,177
14,100.0,63,69,0,1,177
14,100.0,56,62,0,1,177
14,100.0,70,76,0,1,177
14,100.0,77,83,0,1,177
14,100.0,36,41,0,1,177
72,100.0,77,83,0,1,48
72,100.0,42,48,0,1,48
72,100.0,36,41,0,1,48
72,100.0,128,133,0,1,48
72,100.0,70,76,0,1,48
72,100.0,84,90,0,1,48
72,100.0,63,69,0,1,48
72,100.0,49,55,0,1,48
72,100.0,56,62,0,1,48
72,100.0,91,127,0,1,48
56,100.0,49,55,0,1,53
138,0.0,49,55,0,1,53
56,100.0,56,62,0,1,53
138,0.0,56,62,0,1,53
56,100.0,42,48,0,1,53
138,0.0,42,48,0,1,53
56,100.0,84,90,0,1,53
138,0.0,84,90,0,1,53
56,100.0,36,41,533434,1,53
138,0.0,36,41,0,1,53
56,100.0,128,133,0,1,53
138,0.0,128,133,0,1,53
56,100.0,77,83,0,1,53
138,0.0,77,83,0,1,53
56,100.0,70,76,0,1,53
138,0.0,70,76,0,1,53
56,100.0,63,69,0,1,53
138,0.0,63,69,0,1,53
56,100.0,91,127,0,1,53
138,0.0,91,127,0,1,53
72,100.0,128,133,0,1,583
72,100.0,49,55,0,1,583
72,100.0,70,76,0,1,583
72,100.0,84,90,0,1,583
72,100.0,77,83,0,1,583
72,100.0,91,127,0,1,583
72,100.0,42,48,0,1,583
72,100.0,36,41,0,1,583
72,100.0,63,69,0,1,583
72,100.0,56,62,0,1,583
56,20.0,36,41,376320,1,58
138,80.0,36,41,253608,1,58
56,30.0,84,90,0,1,58
138,70.0,84,90,0,1,58
56,40.0,56,62,0,1,58
138,60.0,56,62,0,1,58
56,30.0,91,127,0,1,58
138,70.0,91,127,0,1,58
56,40.0,49,55,0,1,58
138,60.0,49,55,0,1,58
56,40.0,42,48,0,1,58
138,60.0,42,48,18816,1,58
56,30.0,77,83,0,1,58
138,70.0,77,83,0,1,58
56,40.0,63,69,0,1,58
138,60.0,63,69,0,1,58
56,30.0,70,76,0,1,58
138,70.0,70,76,0,1,58
56,30.0,128,133,0,1,58
138,70.0,128,133,0,1,58
72,100.0,42,48,0,1,267
72,100.0,84,90,0,1,267
72,100.0,70,76,0,1,267
72,100.0,128,133,0,1,267
72,100.0,91,127,0,1,267
72,100.0,49,55,0,1,267
72,100.0,56,62,0,1,267
72,100.0,36,41,0,1,267
72,100.0,77,83,0,1,267
72,100.0,63,69,0,1,267
72,100.0,84,90,0,1,253
72,100.0,56,62,0,1,253
72,100.0,77,83,0,1,253
72,100.0,36,41,0,1,253
72,100.0,91,127,0,1,253
72,100.0,49,55,0,1,253
72,100.0,63,69,0,1,253
72,100.0,128,133,0,1,253
72,100.0,42,48,0,1,253
72,100.0,70,76,0,1,253
72,100.0,63,69,0,1,90
72,100.0,70,76,0,1,90
72,100.0,56,62,0,1,90
72,100.0,91,127,0,1,90
72,100.0,77,83,0,1,90
72,100.0,128,133,0,1,90
72,100.0,42,48,0,1,90
72,100.0,49,55,0,1,90
72,100.0,84,90,0,1,90
72,100.0,36,41,0,1,90
72,100.0,49,55,0,1,46
72,100.0,42,48,0,1,46
72,100.0,70,76,0,1,46
72,100.0,128,133,0,1,46
72,100.0,77,83,0,1,46
72,100.0,91,127,0,1,46
72,100.0,56,62,0,1,46
72,100.0,84,90,0,1,46
72,100.0,63,69,0,1,46
72,100.0,36,41,100,1,46
72,100.0,84,90,0,1,95
72,100.0,77,83,0,1,95
72,100.0,91,127,0,1,95
72,100.0,56,62,0,1,95
72,100.0,70,76,0,1,95
72,100.0,42,48,0,1,95
72,100.0,128,133,0,1,95
72,100.0,63,69,0,1,95
72,100.0,36,41,0,1,95
72,100.0,49,55,0,1,95
56,100.0,91,127,0,1,61
56,100.0,70,76,0,1,61
56,100.0,84,90,0,1,61
56,100.0,42,48,0,1,61
56,100.0,77,83,0,1,61
56,100.0,36,41,0,1,61
56,100.0,56,62,0,1,61
56,100.0,63,69,0,1,61
56,100.0,128,133,0,1,61
56,100.0,49,55,0,1,61
72,100.0,42,48,0,1,257
72,100.0,77,83,0,1,257
72,100.0,84,90,0,1,257
72,100.0,128,133,0,1,257
72,100.0,36,41,200,1,257
72,100.0,91,127,0,1,257
72,100.0,49,55,0,1,257
72,100.0,56,62,0,1,257
72,100.0,63,69,0,1,257
72,100.0,70,76,0,1,257
70,100.0,77,83,0,1,202
70,100.0,128,133,0,1,202
70,100.0,42,48,0,1,202
70,100.0,63,69,0,1,202
70,100.0,49,55,0,1,202
70,100.0,84,90,0,1,202
70,100.0,91,127,0,1,202
70,100.0,36,41,0,1,202
70,100.0,56,62,0,1,202
70,100.0,70,76,0,1,202
70,100.0,36,41,0,1,455
70,100.0,91,127,0,1,455
70,100.0,49,55,0,1,455
70,100.0,70,76,0,1,455
70,100.0,77,83,0,1,455
70,100.0,128,133,0,1,455
70,100.0,56,62,0,1,455
70,100.0,84,90,0,1,455
70,100.0,63,69,0,1,455
70,100.0,42,48,0,1,455
72,100.0,49,55,0,1,279
72,100.0,36,41,7,1,279
72,100.0,84,90,0,1,279
72,100.0,128,133,0,1,279
72,100.0,63,69,0,1,279
72,100.0,56,62,0,1,279
72,100.0,77,83,0,1,279
72,100.0,91,127,0,1,279
72,100.0,42,48,0,1,279
72,100.0,70,76,0,1,279
56,90.0,77,83,0,1,60
138,10.0,77,83,0,1,60
56,90.0,42,48,197150,1,60
138,10.0,42,48,30000,1,60
56,90.0,91,127,0,1,60
138,10.0,91,127,0,1,60
56,90.0,56,62,0,1,60
138,10.0,56,62,0,1,60
56,90.0,36,41,192969,1,60
138,10.0,36,41,161484,1,60
56,90.0,70,76,0,1,60
138,10.0,70,76,0,1,60
56,90.0,63,69,0,1,60
138,10.0,63,69,0,1,60
56,90.0,84,90,0,1,60
138,10.0,84,90,0,1,60
56,90.0,49,55,0,1,60
138,10.0,49,55,0,1,60
56,90.0,128,133,0,1,60
138,10.0,128,133,0,1,60
72,100.0,36,41,392,1,579
11,0.0,36,41,0,1,579
72,100.0,77,83,0,1,579
11,0.0,77,83,0,1,579
72,100.0,49,55,0,1,579
11,0.0,49,55,0,1,579
72,100.0,128,133,0,1,579
11,0.0,128,133,0,1,579
72,100.0,70,76,0,1,579
11,0.0,70,76,0,1,579
72,100.0,91,127,0,1,579
11,0.0,91,127,0,1,579
72,100.0,56,62,0,1,579
11,0.0,56,62,0,1,579
72,100.0,84,90,0,1,579
11,0.0,84,90,0,1,579
72,100.0,63,69,0,1,579
11,0.0,63,69,0,1,579
72,100.0,42,48,220,1,579
11,0.0,42,48,0,1,579
69,100.0,49,55,0,1,462
69,100.0,91,127,0,1,462
69,100.0,70,76,0,1,462
69,100.0,36,41,36,1,462
69,100.0,128,133,0,1,462
69,100.0,84,90,0,1,462
69,100.0,77,83,0,1,462
69,100.0,63,69,0,1,462
69,100.0,56,62,0,1,462
69,100.0,42,48,0,1,462
11,100.0,91,127,0,1,581
11,100.0,63,69,0,1,581
11,100.0,84,90,0,1,581
11,100.0,56,62,0,1,581
11,100.0,70,76,0,1,581
11,100.0,36,41,0,1,581
11,100.0,128,133,0,1,581
11,100.0,77,83,0,1,581
11,100.0,49,55,0,1,581
11,100.0,42,48,0,1,581
72,100.0,128,133,0,1,580
72,100.0,63,69,0,1,580
72,100.0,56,62,0,1,580
72,100.0,77,83,0,1,580
72,100.0,36,41,0,1,580
72,100.0,91,127,0,1,580
72,100.0,42,48,0,1,580
72,100.0,84,90,0,1,580
72,100.0,49,55,0,1,580
72,100.0,70,76,0,1,580
72,100.0,56,62,0,1,586
72,100.0,91,127,0,1,586
72,100.0,128,133,0,1,586
72,100.0,77,83,0,1,586
72,100.0,49,55,0,1,586
72,100.0,84,90,0,1,586
72,100.0,42,48,42,1,586
72,100.0,63,69,0,1,586
72,100.0,36,41,0,1,586
72,100.0,70,76,0,1,586
72,100.0,128,133,0,1,91
72,100.0,70,76,0,1,91
72,100.0,91,127,0,1,91
72,100.0,84,90,0,1,91
72,100.0,36,41,0,1,91
72,100.0,49,55,0,1,91
72,100.0,77,83,0,1,91
72,100.0,63,69,0,1,91
72,100.0,42,48,0,1,91
72,100.0,56,62,0,1,91
72,100.0,91,127,0,1,40
72,100.0,77,83,0,1,40
72,100.0,128,133,0,1,40
72,100.0,70,76,0,1,40
72,100.0,84,90,0,1,40
72,100.0,42,48,0,1,40
72,100.0,36,41,8,1,40
72,100.0,63,69,0,1,40
72,100.0,56,62,0,1,40
72,100.0,49,55,0,1,40
69,100.0,70,76,0,1,620
69,100.0,49,55,0,1,620
69,100.0,56,62,0,1,620
69,100.0,36,41,10,1,620
69,100.0,84,90,0,1,620
69,100.0,128,133,0,1,620
69,100.0,42,48,0,1,620
69,100.0,77,83,0,1,620
69,100.0,91,127,0,1,620
69,100.0,63,69,0,1,620
56,100.0,42,48,0,1,52
56,100.0,128,133,0,1,52
56,100.0,70,76,0,1,52
56,100.0,63,69,0,1,52
56,100.0,84,90,0,1,52
56,100.0,36,41,254089,1,52
56,100.0,77,83,0,1,52
56,100.0,49,55,0,1,52
56,100.0,56,62,0,1,52
56,100.0,91,127,0,1,52
14,100.0,36,41,6000,1,137
14,100.0,63,69,0,1,137
14,100.0,70,76,0,1,137
14,100.0,84,90,0,1,137
14,100.0,128,133,0,1,137
14,100.0,77,83,0,1,137
14,100.0,91,127,0,1,137
14,100.0,56,62,0,1,137
14,100.0,49,55,0,1,137
14,100.0,42,48,0,1,137
72,100.0,63,69,0,1,259
72,100.0,70,76,0,1,259
72,100.0,84,90,0,1,259
72,100.0,56,62,0,1,259
72,100.0,42,48,0,1,259
72,100.0,36,41,10,1,259
72,100.0,49,55,0,1,259
72,100.0,128,133,0,1,259
72,100.0,91,127,0,1,259
72,100.0,77,83,0,1,259
72,100.0,63,69,0,1,122
14,0.0,63,69,0,1,122
72,100.0,70,76,0,1,122
14,0.0,70,76,0,1,122
72,100.0,128,133,0,1,122
14,0.0,128,133,0,1,122
72,100.0,77,83,0,1,122
14,0.0,77,83,0,1,122
72,100.0,91,127,0,1,122
14,0.0,91,127,0,1,122
72,100.0,56,62,0,1,122
14,0.0,56,62,0,1,122
72,100.0,42,48,0,1,122
14,0.0,42,48,0,1,122
72,100.0,84,90,0,1,122
14,0.0,84,90,0,1,122
72,100.0,36,41,4193,1,122
14,0.0,36,41,0,1,122
72,100.0,49,55,0,1,122
14,0.0,49,55,0,1,122
138,100.0,36,41,109440,1,57
138,100.0,56,62,0,1,57
138,100.0,42,48,0,1,57
138,100.0,84,90,0,1,57
138,100.0,70,76,0,1,57
138,100.0,77,83,0,1,57
138,100.0,49,55,0,1,57
138,100.0,91,127,0,1,57
138,100.0,128,133,0,1,57
138,100.0,63,69,0,1,57
69,100.0,49,55,0,1,194
69,100.0,77,83,0,1,194
69,100.0,56,62,0,1,194
69,100.0,63,69,0,1,194
69,100.0,91,127,0,1,194
69,100.0,36,41,26,1,194
69,100.0,84,90,0,1,194
69,100.0,128,133,0,1,194
69,100.0,70,76,0,1,194
69,100.0,42,48,0,1,194
168,0.0,36,41,0,1,106
46,0.0,36,41,0,1,106
261,100.0,36,41,360,1,106
148,0.0,36,41,0,1,106
168,0.0,56,62,0,1,106
46,0.0,56,62,0,1,106
261,100.0,56,62,0,1,106
148,0.0,56,62,0,1,106
168,80.0,128,133,0,1,106
46,0.0,128,133,0,1,106
261,20.0,128,133,0,1,106
148,0.0,128,133,0,1,106
168,80.0,77,83,0,1,106
46,0.0,77,83,0,1,106
261,20.0,77,83,0,1,106
148,0.0,77,83,0,1,106
168,0.0,63,69,0,1,106
46,0.0,63,69,0,1,106
261,100.0,63,69,0,1,106
148,0.0,63,69,0,1,106
168,80.0,91,127,0,1,106
46,0.0,91,127,0,1,106
261,20.0,91,127,0,1,106
148,0.0,91,127,0,1,106
168,80.0,70,76,0,1,106
46,0.0,70,76,0,1,106
261,20.0,70,76,0,1,106
148,0.0,70,76,0,1,106
168,80.0,84,90,0,1,106
46,0.0,84,90,0,1,106
261,20.0,84,90,0,1,106
148,0.0,84,90,0,1,106
168,0.0,42,48,0,1,106
46,0.0,42,48,0,1,106
261,100.0,42,48,360,1,106
148,0.0,42,48,0,1,106
168,0.0,49,55,0,1,106
46,0.0,49,55,0,1,106
261,100.0,49,55,0,1,106
148,0.0,49,55,0,1,106
70,100.0,91,127,0,1,3336
70,100.0,56,62,0,1,3336
70,100.0,42,48,0,1,3336
70,100.0,63,69,0,1,3336
70,100.0,49,55,0,1,3336
70,100.0,77,83,0,1,3336
70,100.0,70,76,0,1,3336
70,100.0,84,90,0,1,3336
70,100.0,36,41,0,1,3336
70,100.0,128,133,0,1,3336
72,100.0,77,83,0,1,94
72,100.0,56,62,0,1,94
72,100.0,42,48,0,1,94
72,100.0,36,41,0,1,94
72,100.0,91,127,0,1,94
72,100.0,70,76,0,1,94
72,100.0,63,69,0,1,94
72,100.0,49,55,0,1,94
72,100.0,84,90,0,1,94
72,100.0,128,133,0,1,94
70,100.0,36,41,0,1,596
70,100.0,56,62,0,1,596
70,100.0,63,69,0,1,596
70,100.0,49,55,0,1,596
70,100.0,128,133,0,1,596
70,100.0,91,127,0,1,596
70,100.0,77,83,0,1,596
70,100.0,70,76,0,1,596
70,100.0,42,48,0,1,596
70,100.0,84,90,0,1,596
181,100.0,63,69,0,1,144
181,100.0,91,127,0,1,144
181,100.0,84,90,0,1,144
181,100.0,56,62,0,1,144
181,100.0,128,133,0,1,144
181,100.0,49,55,0,1,144
181,100.0,36,41,750,1,144
181,100.0,70,76,0,1,144
181,100.0,42,48,300,1,144
181,100.0,77,83,0,1,144
72,100.0,70,76,0,1,93
72,100.0,49,55,0,1,93
72,100.0,77,83,0,1,93
72,100.0,56,62,0,1,93
72,100.0,42,48,0,1,93
72,100.0,63,69,0,1,93
72,100.0,91,127,0,1,93
72,100.0,128,133,0,1,93
72,100.0,84,90,0,1,93
72,100.0,36,41,0,1,93
72,100.0,42,48,0,1,230
72,100.0,49,55,0,1,230
72,100.0,56,62,0,1,230
72,100.0,77,83,0,1,230
72,100.0,84,90,0,1,230
72,100.0,63,69,0,1,230
72,100.0,70,76,0,1,230
72,100.0,91,127,0,1,230
72,100.0,128,133,0,1,230
72,100.0,36,41,0,1,230
69,100.0,63,69,0,1,459
69,100.0,42,48,0,1,459
69,100.0,49,55,0,1,459
69,100.0,91,127,0,1,459
69,100.0,36,41,320,1,459
69,100.0,128,133,0,1,459
69,100.0,56,62,0,1,459
69,100.0,84,90,0,1,459
69,100.0,70,76,0,1,459
69,100.0,77,83,0,1,459
69,100.0,91,127,0,1,603
69,100.0,84,90,0,1,603
69,100.0,49,55,0,1,603
69,100.0,36,41,30,1,603
69,100.0,70,76,0,1,603
69,100.0,77,83,0,1,603
69,100.0,128,133,0,1,603
69,100.0,63,69,0,1,603
69,100.0,56,62,0,1,603
69,100.0,42,48,15,1,603
72,100.0,128,133,0,1,238
72,100.0,36,41,0,1,238
72,100.0,77,83,0,1,238
72,100.0,91,127,0,1,238
72,100.0,63,69,0,1,238
72,100.0,42,48,2,1,238
72,100.0,84,90,0,1,238
72,100.0,56,62,0,1,238
72,100.0,49,55,0,1,238
72,100.0,70,76,0,1,238
14,100.0,36,41,0,1,121
133,0.0,36,41,0,1,121
14,100.0,84,90,0,1,121
133,0.0,84,90,0,1,121
14,100.0,56,62,0,1,121
133,0.0,56,62,0,1,121
14,100.0,63,69,0,1,121
133,0.0,63,69,0,1,121
14,100.0,91,127,0,1,121
133,0.0,91,127,0,1,121
14,100.0,49,55,0,1,121
133,0.0,49,55,0,1,121
14,100.0,77,83,0,1,121
133,0.0,77,83,0,1,121
14,100.0,42,48,0,1,121
133,0.0,42,48,0,1,121
14,100.0,70,76,0,1,121
133,0.0,70,76,0,1,121
14,100.0,128,133,0,1,121
133,0.0,128,133,0,1,121
56,30.0,91,127,0,1,64
138,70.0,91,127,0,1,64
56,30.0,49,55,0,1,64
138,70.0,49,55,0,1,64
56,30.0,42,48,0,1,64
138,70.0,42,48,240768,1,64
56,30.0,36,41,49824,1,64
138,70.0,36,41,153216,1,64
56,30.0,56,62,0,1,64
138,70.0,56,62,0,1,64
56,30.0,77,83,0,1,64
138,70.0,77,83,0,1,64
56,30.0,70,76,0,1,64
138,70.0,70,76,0,1,64
56,30.0,84,90,0,1,64
138,70.0,84,90,0,1,64
56,30.0,63,69,0,1,64
138,70.0,63,69,0,1,64
56,30.0,128,133,0,1,64
138,70.0,128,133,0,1,64
72,100.0,84,90,0,1,265
72,100.0,91,127,0,1,265
72,100.0,42,48,0,1,265
72,100.0,77,83,0,1,265
72,100.0,49,55,0,1,265
72,100.0,56,62,0,1,265
72,100.0,36,41,0,1,265
72,100.0,63,69,0,1,265
72,100.0,128,133,0,1,265
72,100.0,70,76,0,1,265
69,100.0,84,90,0,1,608
69,100.0,91,127,0,1,608
69,100.0,77,83,0,1,608
69,100.0,70,76,0,1,608
69,100.0,49,55,5,1,608
69,100.0,56,62,0,1,608
69,100.0,42,48,0,1,608
69,100.0,36,41,0,1,608
69,100.0,63,69,0,1,608
69,100.0,128,133,0,1,608
69,100.0,91,127,0,1,156
69,100.0,36,41,119,1,156
69,100.0,70,76,0,1,156
69,100.0,63,69,0,1,156
69,100.0,49,55,63,1,156
69,100.0,77,83,0,1,156
69,100.0,84,90,0,1,156
69,100.0,42,48,56,1,156
69,100.0,56,62,0,1,156
69,100.0,128,133,0,1,156
70,100.0,56,62,0,1,594
70,100.0,42,48,0,1,594
70,100.0,77,83,0,1,594
70,100.0,36,41,3,1,594
70,100.0,63,69,0,1,594
70,100.0,91,127,0,1,594
70,100.0,128,133,0,1,594
70,100.0,84,90,0,1,594
70,100.0,49,55,0,1,594
70,100.0,70,76,0,1,594
18,100.0,128,133,0,1,184
18,100.0,63,69,0,1,184
18,100.0,42,48,0,1,184
18,100.0,70,76,0,1,184
18,100.0,91,127,0,1,184
18,100.0,77,83,0,1,184
18,100.0,56,62,0,1,184
18,100.0,49,55,0,1,184
18,100.0,84,90,0,1,184
18,100.0,36,41,0,1,184
72,100.0,77,83,0,1,269
72,100.0,36,41,1,1,269
72,100.0,91,127,0,1,269
72,100.0,128,133,0,1,269
72,100.0,63,69,0,1,269
72,100.0,70,76,0,1,269
72,100.0,42,48,0,1,269
72,100.0,56,62,0,1,269
72,100.0,84,90,0,1,269
72,100.0,49,55,0,1,269
18,100.0,91,127,0,1,163
18,100.0,36,41,0,1,163
18,100.0,42,48,0,1,163
18,100.0,63,69,0,1,163
18,100.0,49,55,0,1,163
18,100.0,56,62,0,1,163
18,100.0,70,76,0,1,163
18,100.0,77,83,0,1,163
18,100.0,84,90,0,1,163
18,100.0,128,133,0,1,163
72,100.0,49,55,0,1,109
72,100.0,128,133,0,1,109
72,100.0,77,83,0,1,109
72,100.0,63,69,0,1,109
72,100.0,36,41,0,1,109
72,100.0,42,48,0,1,109
72,100.0,91,127,0,1,109
72,100.0,56,62,0,1,109
72,100.0,84,90,0,1,109
72,100.0,70,76,0,1,109
69,100.0,70,76,0,1,606
69,100.0,56,62,0,1,606
69,100.0,36,41,5,1,606
69,100.0,63,69,0,1,606
69,100.0,49,55,0,1,606
69,100.0,84,90,0,1,606
69,100.0,77,83,0,1,606
69,100.0,128,133,0,1,606
69,100.0,91,127,0,1,606
69,100.0,42,48,0,1,606
72,100.0,128,133,0,1,234
72,100.0,63,69,0,1,234
72,100.0,91,127,0,1,234
72,100.0,42,48,0,1,234
72,100.0,49,55,0,1,234
72,100.0,36,41,0,1,234
72,100.0,84,90,0,1,234
72,100.0,77,83,0,1,234
72,100.0,70,76,0,1,234
72,100.0,56,62,0,1,234
72,100.0,128,133,0,1,249
72,100.0,63,69,0,1,249
72,100.0,42,48,0,1,249
72,100.0,84,90,0,1,249
72,100.0,77,83,0,1,249
72,100.0,91,127,0,1,249
72,100.0,36,41,0,1,249
72,100.0,56,62,0,1,249
72,100.0,49,55,0,1,249
72,100.0,70,76,0,1,249
70,100.0,63,69,0,1,624
70,100.0,91,127,0,1,624
70,100.0,49,55,0,1,624
70,100.0,77,83,0,1,624
70,100.0,42,48,0,1,624
70,100.0,128,133,0,1,624
70,100.0,84,90,0,1,624
70,100.0,36,41,0,1,624
70,100.0,56,62,0,1,624
70,100.0,70,76,0,1,624
69,100.0,36,41,0,1,125
69,100.0,128,133,0,1,125
69,100.0,63,69,0,1,125
69,100.0,70,76,0,1,125
69,100.0,42,48,0,1,125
69,100.0,91,127,0,1,125
69,100.0,77,83,0,1,125
69,100.0,49,55,0,1,125
69,100.0,56,62,0,1,125
69,100.0,84,90,0,1,125
70,100.0,42,48,0,1,449
70,100.0,84,90,0,1,449
70,100.0,70,76,0,1,449
70,100.0,91,127,0,1,449
70,100.0,36,41,0,1,449
70,100.0,49,55,0,1,449
70,100.0,63,69,0,1,449
70,100.0,56,62,0,1,449
70,100.0,77,83,0,1,449
70,100.0,128,133,0,1,449
18,100.0,42,48,0,1,127
18,100.0,128,133,0,1,127
18,100.0,70,76,0,1,127
18,100.0,63,69,0,1,127
18,100.0,36,41,0,1,127
18,100.0,56,62,0,1,127
18,100.0,91,127,0,1,127
18,100.0,84,90,0,1,127
18,100.0,49,55,0,1,127
18,100.0,77,83,0,1,127
18,100.0,49,55,0,1,186
18,100.0,70,76,0,1,186
18,100.0,56,62,0,1,186
18,100.0,128,133,0,1,186
18,100.0,91,127,0,1,186
18,100.0,36,41,0,1,186
18,100.0,63,69,0,1,186
18,100.0,42,48,0,1,186
18,100.0,84,90,0,1,186
18,100.0,77,83,0,1,186
69,100.0,70,76,0,1,610
69,100.0,128,133,0,1,610
69,100.0,49,55,0,1,610
69,100.0,84,90,0,1,610
69,100.0,63,69,0,1,610
69,100.0,56,62,0,1,610
69,100.0,36,41,0,1,610
69,100.0,77,83,0,1,610
69,100.0,42,48,2,1,610
69,100.0,91,127,0,1,610
72,100.0,63,69,0,1,39
72,100.0,36,41,0,1,39
72,100.0,49,55,0,1,39
72,100.0,56,62,0,1,39
72,100.0,128,133,0,1,39
72,100.0,42,48,0,1,39
72,100.0,84,90,0,1,39
72,100.0,91,127,0,1,39
72,100.0,77,83,0,1,39
72,100.0,70,76,0,1,39
72,100.0,84,90,0,1,96
72,100.0,42,48,0,1,96
72,100.0,56,62,0,1,96
72,100.0,70,76,0,1,96
72,100.0,49,55,0,1,96
72,100.0,36,41,0,1,96
72,100.0,91,127,0,1,96
72,100.0,63,69,0,1,96
72,100.0,128,133,0,1,96
72,100.0,77,83,0,1,96
69,100.0,91,127,0,1,611
69,100.0,70,76,0,1,611
69,100.0,42,48,0,1,611
69,100.0,128,133,0,1,611
69,100.0,84,90,0,1,611
69,100.0,36,41,0,1,611
69,100.0,49,55,0,1,611
69,100.0,63,69,0,1,611
69,100.0,77,83,0,1,611
69,100.0,56,62,0,1,611
18,100.0,70,76,0,1,188
18,100.0,84,90,0,1,188
18,100.0,56,62,0,1,188
18,100.0,63,69,0,1,188
18,100.0,49,55,0,1,188
18,100.0,36,41,0,1,188
18,100.0,42,48,0,1,188
18,100.0,128,133,0,1,188
18,100.0,77,83,0,1,188
18,100.0,91,127,0,1,188
72,100.0,91,127,0,1,169
72,100.0,70,76,0,1,169
72,100.0,84,90,0,1,169
72,100.0,42,48,0,1,169
72,100.0,128,133,0,1,169
72,100.0,77,83,0,1,169
72,100.0,36,41,3,1,169
72,100.0,56,62,0,1,169
72,100.0,63,69,0,1,169
72,100.0,49,55,0,1,169
69,100.0,128,133,0,1,200
69,100.0,63,69,0,1,200
69,100.0,49,55,0,1,200
69,100.0,42,48,0,1,200
69,100.0,91,127,0,1,200
69,100.0,36,41,64,1,200
69,100.0,84,90,0,1,200
69,100.0,56,62,0,1,200
69,100.0,77,83,0,1,200
69,100.0,70,76,0,1,200
69,100.0,84,90,0,1,460
69,100.0,91,127,0,1,460
69,100.0,63,69,0,1,460
69,100.0,77,83,0,1,460
69,100.0,56,62,0,1,460
69,100.0,128,133,0,1,460
69,100.0,70,76,0,1,460
69,100.0,36,41,0,1,460
69,100.0,42,48,0,1,460
69,100.0,49,55,0,1,460
18,100.0,77,83,0,1,190
18,100.0,42,48,0,1,190
18,100.0,91,127,0,1,190
18,100.0,70,76,0,1,190
18,100.0,56,62,0,1,190
18,100.0,63,69,0,1,190
18,100.0,128,133,0,1,190
18,100.0,84,90,0,1,190
18,100.0,49,55,0,1,190
18,100.0,36,41,0,1,190
210,100.0,140,140,0,0,4030
210,100.0,133,133,0,0,4030
210,100.0,126,126,0,0,4030
210,100.0,119,119,0,0,4030
210,100.0,112,112,0,0,4030
210,100.0,105,105,0,0,4030
210,100.0,98,98,0,0,4030
210,100.0,91,91,0,0,4030
210,100.0,84,84,0,0,4030
210,100.0,77,77,0,0,4030
210,100.0,70,70,0,0,4030
210,100.0,63,69,0,0,4030
210,100.0,56,62,0,0,4030
210,100.0,49,55,0,0,4030
210,100.0,42,48,0,0,4030
210,100.0,36,41,22344,0,4030
210,40.0,140,140,0,0,3912
60,60.0,140,140,0,0,3912
60,60.0,133,133,0,0,3912
210,40.0,133,133,0,0,3912
60,60.0,126,126,0,0,3912
210,40.0,126,126,0,0,3912
60,60.0,119,119,0,0,3912
210,40.0,119,119,0,0,3912
210,40.0,112,112,0,0,3912
60,60.0,112,112,0,0,3912
210,40.0,105,105,0,0,3912
60,60.0,105,105,0,0,3912
60,60.0,98,98,0,0,3912
210,40.0,98,98,0,0,3912
210,40.0,91,91,0,0,3912
60,60.0,91,91,0,0,3912
60,60.0,84,84,0,0,3912
210,40.0,84,84,0,0,3912
210,40.0,77,77,0,0,3912
60,60.0,77,77,0,0,3912
60,60.0,70,70,0,0,3912
210,40.0,70,70,0,0,3912
210,40.0,63,69,0,0,3912
60,60.0,63,69,0,0,3912
60,60.0,56,62,0,0,3912
210,40.0,56,62,0,0,3912
210,40.0,49,55,0,0,3912
60,60.0,49,55,0,0,3912
210,40.0,42,48,0,0,3912
60,60.0,42,48,0,0,3912
60,60.0,36,41,2100,0,3912
210,40.0,36,41,1640,0,3912
210,40.0,140,140,0,0,3980
60,60.0,140,140,0,0,3980
210,40.0,133,133,0,0,3980
60,60.0,133,133,0,0,3980
210,40.0,126,126,0,0,3980
60,60.0,126,126,0,0,3980
210,40.0,119,119,0,0,3980
60,60.0,119,119,0,0,3980
210,40.0,112,112,0,0,3980
60,60.0,112,112,0,0,3980
60,60.0,105,105,0,0,3980
210,40.0,105,105,0,0,3980
210,40.0,98,98,0,0,3980
60,60.0,98,98,0,0,3980
210,40.0,91,91,0,0,3980
60,60.0,91,91,0,0,3980
210,40.0,84,84,0,0,3980
60,60.0,84,84,0,0,3980
60,60.0,77,77,0,0,3980
210,40.0,77,77,0,0,3980
210,40.0,70,70,0,0,3980
60,60.0,70,70,0,0,3980
60,60.0,63,69,0,0,3980
210,40.0,63,69,0,0,3980
60,60.0,56,62,0,0,3980
210,40.0,56,62,0,0,3980
60,60.0,49,55,0,0,3980
210,40.0,49,55,0,0,3980
210,40.0,42,48,0,0,3980
60,60.0,42,48,0,0,3980
60,60.0,36,41,0,0,3980
210,40.0,36,41,0,0,3980
61,60.0,140,140,0,0,3957
210,40.0,140,140,0,0,3957
61,60.0,133,133,0,0,3957
210,40.0,133,133,0,0,3957
210,40.0,126,126,0,0,3957
61,60.0,126,126,0,0,3957
210,40.0,119,119,0,0,3957
61,60.0,119,119,0,0,3957
210,40.0,112,112,0,0,3957
61,60.0,112,112,0,0,3957
210,40.0,105,105,0,0,3957
61,60.0,105,105,0,0,3957
61,60.0,98,98,0,0,3957
210,40.0,98,98,0,0,3957
61,60.0,91,91,0,0,3957
210,40.0,91,91,0,0,3957
210,40.0,84,84,0,0,3957
61,60.0,84,84,0,0,3957
61,60.0,77,77,0,0,3957
210,40.0,77,77,0,0,3957
210,40.0,70,70,0,0,3957
61,60.0,70,70,0,0,3957
210,40.0,63,69,0,0,3957
61,60.0,63,69,0,0,3957
61,60.0,56,62,0,0,3957
210,40.0,56,62,0,0,3957
61,60.0,49,55,0,0,3957
210,40.0,49,55,0,0,3957
210,40.0,42,48,0,0,3957
61,60.0,42,48,0,0,3957
210,40.0,36,41,0,0,3957
61,60.0,36,41,0,0,3957
60,60.0,140,140,0,0,3904
61,40.0,140,140,0,0,3904
60,60.0,133,133,0,0,3904
61,40.0,133,133,0,0,3904
61,40.0,126,126,0,0,3904
60,60.0,126,126,0,0,3904
60,60.0,119,119,0,0,3904
61,40.0,119,119,0,0,3904
60,60.0,112,112,0,0,3904
61,40.0,112,112,0,0,3904
61,40.0,105,105,0,0,3904
60,60.0,105,105,0,0,3904
60,60.0,98,98,0,0,3904
61,40.0,98,98,0,0,3904
60,60.0,91,91,0,0,3904
61,40.0,91,91,0,0,3904
61,40.0,84,84,0,0,3904
60,60.0,84,84,0,0,3904
60,60.0,77,77,0,0,3904
61,40.0,77,77,0,0,3904
61,40.0,70,70,0,0,3904
60,60.0,70,70,0,0,3904
61,40.0,63,69,0,0,3904
60,60.0,63,69,0,0,3904
61,40.0,56,62,0,0,3904
60,60.0,56,62,0,0,3904
60,60.0,49,55,0,0,3904
61,40.0,49,55,0,0,3904
61,40.0,42,48,0,0,3904
60,60.0,42,48,0,0,3904
61,40.0,36,41,2000,0,3904
60,60.0,36,41,3200,0,3904
61,100.0,140,140,0,0,4014
61,100.0,133,133,0,0,4014
61,100.0,126,126,0,0,4014
61,100.0,119,119,0,0,4014
61,100.0,112,112,0,0,4014
61,100.0,105,105,0,0,4014
61,100.0,98,98,0,0,4014
61,100.0,91,91,0,0,4014
61,100.0,84,84,0,0,4014
61,100.0,77,77,0,0,4014
61,100.0,70,70,0,0,4014
61,100.0,63,69,0,0,4014
61,100.0,56,62,0,0,4014
61,100.0,49,55,0,0,4014
61,100.0,42,48,0,0,4014
61,100.0,36,41,44782,0,4014
60,60.0,140,140,0,0,3900
210,40.0,140,140,0,0,3900
60,60.0,133,133,0,0,3900
210,40.0,133,133,0,0,3900
60,60.0,126,126,0,0,3900
210,40.0,126,126,0,0,3900
210,40.0,119,119,0,0,3900
60,60.0,119,119,0,0,3900
60,60.0,112,112,0,0,3900
210,40.0,112,112,0,0,3900
60,60.0,105,105,0,0,3900
210,40.0,105,105,0,0,3900
210,40.0,98,98,0,0,3900
60,60.0,98,98,0,0,3900
60,60.0,91,91,0,0,3900
210,40.0,91,91,0,0,3900
60,60.0,84,84,0,0,3900
210,40.0,84,84,0,0,3900
60,60.0,77,77,0,0,3900
210,40.0,77,77,0,0,3900
60,60.0,70,70,0,0,3900
210,40.0,70,70,0,0,3900
60,60.0,63,69,0,0,3900
210,40.0,63,69,0,0,3900
210,40.0,56,62,0,0,3900
60,60.0,56,62,0,0,3900
210,40.0,49,55,0,0,3900
60,60.0,49,55,0,0,3900
210,40.0,42,48,0,0,3900
60,60.0,42,48,0,0,3900
210,40.0,36,41,0,0,3900
60,60.0,36,41,0,0,3900
62,100.0,140,140,0,0,4022
62,100.0,133,133,0,0,4022
62,100.0,126,126,0,0,4022
62,100.0,119,119,0,0,4022
62,100.0,112,112,0,0,4022
62,100.0,105,105,0,0,4022
62,100.0,98,98,0,0,4022
62,100.0,91,91,0,0,4022
62,100.0,84,84,0,0,4022
62,100.0,77,77,0,0,4022
62,100.0,70,70,0,0,4022
62,100.0,63,69,0,0,4022
62,100.0,56,62,0,0,4022
62,100.0,49,55,0,0,4022
62,100.0,42,48,0,0,4022
62,100.0,36,41,0,0,4022
62,100.0,140,140,0,0,4024
62,100.0,133,133,0,0,4024
62,100.0,126,126,0,0,4024
62,100.0,119,119,0,0,4024
62,100.0,112,112,0,0,4024
62,100.0,105,105,0,0,4024
62,100.0,98,98,0,0,4024
62,100.0,91,91,0,0,4024
62,100.0,84,84,0,0,4024
62,100.0,77,77,0,0,4024
62,100.0,70,70,0,0,4024
62,100.0,63,69,0,0,4024
62,100.0,56,62,0,0,4024
62,100.0,49,55,0,0,4024
62,100.0,42,48,0,0,4024
62,100.0,36,41,0,0,4024
246,100.0,140,140,0,0,639
246,100.0,133,133,0,0,639
246,100.0,126,126,0,0,639
246,100.0,119,119,0,0,639
246,100.0,112,112,0,0,639
246,100.0,105,105,0,0,639
246,100.0,98,98,0,0,639
246,100.0,91,91,0,0,639
246,100.0,84,84,0,0,639
246,100.0,77,77,0,0,639
246,100.0,70,70,0,0,639
246,100.0,63,69,0,0,639
246,100.0,56,62,0,0,639
246,100.0,49,55,0,0,639
246,100.0,42,48,0,0,639
246,100.0,36,41,2520000,0,639
62,100.0,140,140,0,0,4044
62,100.0,133,133,0,0,4044
62,100.0,126,126,0,0,4044
62,100.0,119,119,0,0,4044
62,100.0,112,112,0,0,4044
62,100.0,105,105,0,0,4044
62,100.0,98,98,0,0,4044
62,100.0,91,91,0,0,4044
62,100.0,84,84,0,0,4044
62,100.0,77,77,0,0,4044
62,100.0,70,70,0,0,4044
62,100.0,63,69,0,0,4044
62,100.0,56,62,0,0,4044
62,100.0,49,55,0,0,4044
62,100.0,42,48,0,0,4044
62,100.0,36,41,0,0,4044
211,100.0,140,140,0,0,4062
211,100.0,133,133,0,0,4062
211,100.0,126,126,0,0,4062
211,100.0,119,119,0,0,4062
211,100.0,112,112,0,0,4062
211,100.0,105,105,0,0,4062
211,100.0,98,98,0,0,4062
211,100.0,91,91,0,0,4062
211,100.0,84,84,0,0,4062
211,100.0,77,77,0,0,4062
211,100.0,70,70,0,0,4062
211,100.0,63,69,0,0,4062
211,100.0,56,62,0,0,4062
211,100.0,49,55,0,0,4062
211,100.0,42,48,0,0,4062
211,100.0,36,41,0,0,4062
62,100.0,140,140,0,0,4036
62,100.0,133,133,0,0,4036
62,100.0,126,126,0,0,4036
62,100.0,119,119,0,0,4036
62,100.0,112,112,0,0,4036
62,100.0,105,105,0,0,4036
62,100.0,98,98,0,0,4036
62,100.0,91,91,0,0,4036
62,100.0,84,84,0,0,4036
62,100.0,77,77,0,0,4036
62,100.0,70,70,0,0,4036
62,100.0,63,69,0,0,4036
62,100.0,56,62,0,0,4036
62,100.0,49,55,0,0,4036
62,100.0,42,48,0,0,4036
62,100.0,36,41,84,0,4036
210,14.0,140,140,0,0,3934
61,18.0,140,140,0,0,3934
153,60.0,140,140,0,0,3934
60,8.0,140,140,0,0,3934
61,18.0,133,133,0,0,3934
60,8.0,133,133,0,0,3934
210,14.0,133,133,0,0,3934
153,60.0,133,133,0,0,3934
153,60.0,126,126,0,0,3934
60,8.0,126,126,0,0,3934
61,18.0,126,126,0,0,3934
210,14.0,126,126,0,0,3934
61,18.0,119,119,0,0,3934
153,60.0,119,119,0,0,3934
210,14.0,119,119,0,0,3934
60,8.0,119,119,0,0,3934
153,60.0,112,112,0,0,3934
210,14.0,112,112,0,0,3934
60,8.0,112,112,0,0,3934
61,18.0,112,112,0,0,3934
60,8.0,105,105,0,0,3934
210,14.0,105,105,0,0,3934
153,60.0,105,105,0,0,3934
61,18.0,105,105,0,0,3934
153,60.0,98,98,0,0,3934
61,18.0,98,98,0,0,3934
60,8.0,98,98,0,0,3934
210,14.0,98,98,0,0,3934
210,14.0,91,91,0,0,3934
60,8.0,91,91,0,0,3934
61,18.0,91,91,0,0,3934
153,60.0,91,91,0,0,3934
60,8.0,84,84,0,0,3934
61,18.0,84,84,0,0,3934
210,14.0,84,84,0,0,3934
153,60.0,84,84,0,0,3934
210,14.0,77,77,0,0,3934
61,18.0,77,77,0,0,3934
153,60.0,77,77,0,0,3934
60,8.0,77,77,0,0,3934
61,18.0,70,70,0,0,3934
60,8.0,70,70,0,0,3934
153,60.0,70,70,0,0,3934
210,14.0,70,70,0,0,3934
60,8.0,63,69,0,0,3934
210,14.0,63,69,0,0,3934
153,60.0,63,69,0,0,3934
61,18.0,63,69,0,0,3934
60,8.0,56,62,0,0,3934
61,18.0,56,62,0,0,3934
153,60.0,56,62,0,0,3934
210,14.0,56,62,0,0,3934
210,14.0,49,55,0,0,3934
61,18.0,49,55,0,0,3934
153,60.0,49,55,0,0,3934
60,8.0,49,55,0,0,3934
60,8.0,42,48,0,0,3934
210,14.0,42,48,0,0,3934
153,60.0,42,48,0,0,3934
61,18.0,42,48,0,0,3934
153,60.0,36,41,0,0,3934
61,18.0,36,41,500,0,3934
210,14.0,36,41,0,0,3934
60,8.0,36,41,0,0,3934
60,60.0,140,140,0,0,3906
210,40.0,140,140,0,0,3906
60,60.0,133,133,0,0,3906
210,40.0,133,133,0,0,3906
210,40.0,126,126,0,0,3906
60,60.0,126,126,0,0,3906
60,60.0,119,119,0,0,3906
210,40.0,119,119,0,0,3906
210,40.0,112,112,0,0,3906
60,60.0,112,112,0,0,3906
210,40.0,105,105,0,0,3906
60,60.0,105,105,0,0,3906
60,60.0,98,98,0,0,3906
210,40.0,98,98,0,0,3906
210,40.0,91,91,0,0,3906
60,60.0,91,91,0,0,3906
210,40.0,84,84,0,0,3906
60,60.0,84,84,0,0,3906
60,60.0,77,77,0,0,3906
210,40.0,77,77,0,0,3906
210,40.0,70,70,0,0,3906
60,60.0,70,70,0,0,3906
60,60.0,63,69,0,0,3906
210,40.0,63,69,0,0,3906
210,40.0,56,62,0,0,3906
60,60.0,56,62,0,0,3906
60,60.0,49,55,0,0,3906
210,40.0,49,55,0,0,3906
60,60.0,42,48,0,0,3906
210,40.0,42,48,0,0,3906
60,60.0,36,41,0,0,3906
210,40.0,36,41,5110,0,3906
210,100.0,140,140,0,0,4033
210,100.0,133,133,0,0,4033
210,100.0,126,126,0,0,4033
210,100.0,119,119,0,0,4033
210,100.0,112,112,0,0,4033
210,100.0,105,105,0,0,4033
210,100.0,98,98,0,0,4033
210,100.0,91,91,0,0,4033
210,100.0,84,84,0,0,4033
210,100.0,77,77,0,0,4033
210,100.0,70,70,0,0,4033
210,100.0,63,69,0,0,4033
210,100.0,56,62,0,0,4033
210,100.0,49,55,0,0,4033
210,100.0,42,48,0,0,4033
210,100.0,36,41,10962,0,4033
10,100.0,140,140,0,0,77
10,100.0,133,133,0,0,77
10,100.0,126,126,0,0,77
10,100.0,119,119,0,0,77
10,100.0,112,112,0,0,77
10,100.0,105,105,0,0,77
10,100.0,98,98,0,0,77
10,100.0,91,91,0,0,77
10,100.0,84,84,0,0,77
10,100.0,77,77,0,0,77
10,100.0,70,70,0,0,77
10,100.0,63,69,0,0,77
10,100.0,56,62,0,0,77
10,100.0,49,55,0,0,77
10,100.0,42,48,0,0,77
10,100.0,36,41,2,0,77
62,100.0,140,140,0,0,4029
62,100.0,133,133,0,0,4029
62,100.0,126,126,0,0,4029
62,100.0,119,119,0,0,4029
62,100.0,112,112,0,0,4029
62,100.0,105,105,0,0,4029
62,100.0,98,98,0,0,4029
62,100.0,91,91,0,0,4029
62,100.0,84,84,0,0,4029
62,100.0,77,77,0,0,4029
62,100.0,70,70,0,0,4029
62,100.0,63,69,0,0,4029
62,100.0,56,62,0,0,4029
62,100.0,49,55,0,0,4029
62,100.0,42,48,0,0,4029
62,100.0,36,41,0,0,4029
211,100.0,140,140,0,0,4080
211,100.0,133,133,0,0,4080
211,100.0,126,126,0,0,4080
211,100.0,119,119,0,0,4080
211,100.0,112,112,0,0,4080
211,100.0,105,105,0,0,4080
211,100.0,98,98,0,0,4080
211,100.0,91,91,0,0,4080
211,100.0,84,84,0,0,4080
211,100.0,77,77,0,0,4080
211,100.0,70,70,0,0,4080
211,100.0,63,69,0,0,4080
211,100.0,56,62,0,0,4080
211,100.0,49,55,0,0,4080
211,100.0,42,48,0,0,4080
211,100.0,36,41,0,0,4080
210,100.0,140,140,0,0,4034
210,100.0,133,133,0,0,4034
210,100.0,126,126,0,0,4034
210,100.0,119,119,0,0,4034
210,100.0,112,112,0,0,4034
210,100.0,105,105,0,0,4034
210,100.0,98,98,0,0,4034
210,100.0,91,91,0,0,4034
210,100.0,84,84,0,0,4034
210,100.0,77,77,0,0,4034
210,100.0,70,70,0,0,4034
210,100.0,63,69,0,0,4034
210,100.0,56,62,0,0,4034
210,100.0,49,55,0,0,4034
210,100.0,42,48,0,0,4034
210,100.0,36,41,55440,0,4034
210,100.0,140,140,0,0,4032
210,100.0,133,133,0,0,4032
210,100.0,126,126,0,0,4032
210,100.0,119,119,0,0,4032
210,100.0,112,112,0,0,4032
210,100.0,105,105,0,0,4032
210,100.0,98,98,0,0,4032
210,100.0,91,91,0,0,4032
210,100.0,84,84,0,0,4032
210,100.0,77,77,0,0,4032
210,100.0,70,70,0,0,4032
210,100.0,63,69,0,0,4032
210,100.0,56,62,0,0,4032
210,100.0,49,55,0,0,4032
210,100.0,42,48,0,0,4032
210,100.0,36,41,10962,0,4032
62,100.0,140,140,0,0,4045
62,100.0,133,133,0,0,4045
62,100.0,126,126,0,0,4045
62,100.0,119,119,0,0,4045
62,100.0,112,112,0,0,4045
62,100.0,105,105,0,0,4045
62,100.0,98,98,0,0,4045
62,100.0,91,91,0,0,4045
62,100.0,84,84,0,0,4045
62,100.0,77,77,0,0,4045
62,100.0,70,70,0,0,4045
62,100.0,63,69,0,0,4045
62,100.0,56,62,0,0,4045
62,100.0,49,55,0,0,4045
62,100.0,42,48,0,0,4045
62,100.0,36,41,0,0,4045
18,100.0,140,140,0,0,6
18,100.0,133,133,0,0,6
18,100.0,126,126,0,0,6
18,100.0,119,119,0,0,6
18,100.0,112,112,0,0,6
18,100.0,105,105,0,0,6
18,100.0,98,98,0,0,6
18,100.0,91,91,0,0,6
18,100.0,84,84,0,0,6
18,100.0,77,77,0,0,6
18,100.0,70,70,0,0,6
18,100.0,63,69,0,0,6
18,100.0,56,62,0,0,6
18,100.0,49,55,0,0,6
18,100.0,42,48,0,0,6
18,100.0,36,41,0,0,6
18,100.0,140,140,0,0,69
18,100.0,133,133,0,0,69
18,100.0,126,126,0,0,69
18,100.0,119,119,0,0,69
18,100.0,112,112,0,0,69
18,100.0,105,105,0,0,69
18,100.0,98,98,0,0,69
18,100.0,91,91,0,0,69
18,100.0,84,84,0,0,69
18,100.0,77,77,0,0,69
18,100.0,70,70,0,0,69
18,100.0,63,69,0,0,69
18,100.0,56,62,0,0,69
18,100.0,49,55,0,0,69
18,100.0,42,48,0,0,69
18,100.0,36,41,60,0,69
263,100.0,140,140,0,0,4043
263,100.0,133,133,0,0,4043
263,100.0,126,126,0,0,4043
263,100.0,119,119,0,0,4043
263,100.0,112,112,0,0,4043
263,100.0,105,105,0,0,4043
263,100.0,98,98,0,0,4043
263,100.0,91,91,0,0,4043
263,100.0,84,84,0,0,4043
263,100.0,77,77,0,0,4043
263,100.0,70,70,0,0,4043
263,100.0,63,69,0,0,4043
263,100.0,56,62,0,0,4043
263,100.0,49,55,0,0,4043
263,100.0,42,48,0,0,4043
263,100.0,36,41,0,0,4043
62,100.0,140,140,0,0,4054
62,100.0,133,133,0,0,4054
62,100.0,126,126,0,0,4054
62,100.0,119,119,0,0,4054
62,100.0,112,112,0,0,4054
62,100.0,105,105,0,0,4054
62,100.0,98,98,0,0,4054
62,100.0,91,91,0,0,4054
62,100.0,84,84,0,0,4054
62,100.0,77,77,0,0,4054
62,100.0,70,70,0,0,4054
62,100.0,63,69,0,0,4054
62,100.0,56,62,0,0,4054
62,100.0,49,55,0,0,4054
62,100.0,42,48,0,0,4054
62,100.0,36,41,0,0,4054
61,100.0,140,140,0,0,3974
61,100.0,133,133,0,0,3974
61,100.0,126,126,0,0,3974
61,100.0,119,119,0,0,3974
61,100.0,112,112,0,0,3974
61,100.0,105,105,0,0,3974
61,100.0,98,98,0,0,3974
61,100.0,91,91,0,0,3974
61,100.0,84,84,0,0,3974
61,100.0,77,77,0,0,3974
61,100.0,70,70,0,0,3974
61,100.0,63,69,0,0,3974
61,100.0,56,62,0,0,3974
61,100.0,49,55,0,0,3974
61,100.0,42,48,0,0,3974
61,100.0,36,41,910,0,3974
18,100.0,140,140,0,0,74
18,100.0,133,133,0,0,74
18,100.0,126,126,0,0,74
18,100.0,119,119,0,0,74
18,100.0,112,112,0,0,74
18,100.0,105,105,0,0,74
18,100.0,98,98,0,0,74
18,100.0,91,91,0,0,74
18,100.0,84,84,0,0,74
18,100.0,77,77,0,0,74
18,100.0,70,70,0,0,74
18,100.0,63,69,0,0,74
18,100.0,56,62,0,0,74
18,100.0,49,55,0,0,74
18,100.0,42,48,0,0,74
18,100.0,36,41,0,0,74
60,20.0,140,140,0,0,3932
210,35.0,140,140,0,0,3932
61,45.0,140,140,0,0,3932
210,35.0,133,133,0,0,3932
60,20.0,133,133,0,0,3932
61,45.0,133,133,0,0,3932
210,35.0,126,126,0,0,3932
61,45.0,126,126,0,0,3932
60,20.0,126,126,0,0,3932
61,45.0,119,119,0,0,3932
60,20.0,119,119,0,0,3932
210,35.0,119,119,0,0,3932
60,20.0,112,112,0,0,3932
210,35.0,112,112,0,0,3932
61,45.0,112,112,0,0,3932
210,35.0,105,105,0,0,3932
60,20.0,105,105,0,0,3932
61,45.0,105,105,0,0,3932
61,45.0,98,98,0,0,3932
60,20.0,98,98,0,0,3932
210,35.0,98,98,0,0,3932
210,35.0,91,91,0,0,3932
60,20.0,91,91,0,0,3932
61,45.0,91,91,0,0,3932
210,35.0,84,84,0,0,3932
60,20.0,84,84,0,0,3932
61,45.0,84,84,0,0,3932
61,45.0,77,77,0,0,3932
60,20.0,77,77,0,0,3932
210,35.0,77,77,0,0,3932
60,20.0,70,70,0,0,3932
210,35.0,70,70,0,0,3932
61,45.0,70,70,0,0,3932
210,35.0,63,69,0,0,3932
61,45.0,63,69,0,0,3932
60,20.0,63,69,0,0,3932
210,35.0,56,62,0,0,3932
61,45.0,56,62,0,0,3932
60,20.0,56,62,0,0,3932
60,20.0,49,55,0,0,3932
61,45.0,49,55,0,0,3932
210,35.0,49,55,0,0,3932
210,35.0,42,48,0,0,3932
60,20.0,42,48,0,0,3932
61,45.0,42,48,0,0,3932
61,45.0,36,41,5040,0,3932
60,20.0,36,41,3000,0,3932
210,35.0,36,41,4100,0,3932
62,100.0,140,140,0,0,4020
62,100.0,133,133,0,0,4020
62,100.0,126,126,0,0,4020
62,100.0,119,119,0,0,4020
62,100.0,112,112,0,0,4020
62,100.0,105,105,0,0,4020
62,100.0,98,98,0,0,4020
62,100.0,91,91,0,0,4020
62,100.0,84,84,0,0,4020
62,100.0,77,77,0,0,4020
62,100.0,70,70,0,0,4020
62,100.0,63,69,0,0,4020
62,100.0,56,62,0,0,4020
62,100.0,49,55,0,0,4020
62,100.0,42,48,0,0,4020
62,100.0,36,41,0,0,4020
62,100.0,140,140,0,0,4076
62,100.0,133,133,0,0,4076
62,100.0,126,126,0,0,4076
62,100.0,119,119,0,0,4076
62,100.0,112,112,0,0,4076
62,100.0,105,105,0,0,4076
62,100.0,98,98,0,0,4076
62,100.0,91,91,0,0,4076
62,100.0,84,84,0,0,4076
62,100.0,77,77,0,0,4076
62,100.0,70,70,0,0,4076
62,100.0,63,69,0,0,4076
62,100.0,56,62,0,0,4076
62,100.0,49,55,0,0,4076
62,100.0,42,48,0,0,4076
62,100.0,36,41,0,0,4076
60,60.0,140,140,0,0,3910
210,40.0,140,140,0,0,3910
210,40.0,133,133,0,0,3910
60,60.0,133,133,0,0,3910
60,60.0,126,126,0,0,3910
210,40.0,126,126,0,0,3910
60,60.0,119,119,0,0,3910
210,40.0,119,119,0,0,3910
60,60.0,112,112,0,0,3910
210,40.0,112,112,0,0,3910
60,60.0,105,105,0,0,3910
210,40.0,105,105,0,0,3910
210,40.0,98,98,0,0,3910
60,60.0,98,98,0,0,3910
210,40.0,91,91,0,0,3910
60,60.0,91,91,0,0,3910
60,60.0,84,84,0,0,3910
210,40.0,84,84,0,0,3910
60,60.0,77,77,0,0,3910
210,40.0,77,77,0,0,3910
210,40.0,70,70,0,0,3910
60,60.0,70,70,0,0,3910
210,40.0,63,69,0,0,3910
60,60.0,63,69,0,0,3910
210,40.0,56,62,0,0,3910
60,60.0,56,62,0,0,3910
210,40.0,49,55,0,0,3910
60,60.0,49,55,0,0,3910
60,60.0,42,48,0,0,3910
210,40.0,42,48,0,0,3910
210,40.0,36,41,940,0,3910
60,60.0,36,41,0,0,3910
62,100.0,140,140,0,0,4059
62,100.0,133,133,0,0,4059
62,100.0,126,126,0,0,4059
62,100.0,119,119,0,0,4059
62,100.0,112,112,0,0,4059
62,100.0,105,105,0,0,4059
62,100.0,98,98,0,0,4059
62,100.0,91,91,0,0,4059
62,100.0,84,84,0,0,4059
62,100.0,77,77,0,0,4059
62,100.0,70,70,0,0,4059
62,100.0,63,69,0,0,4059
62,100.0,56,62,0,0,4059
62,100.0,49,55,0,0,4059
62,100.0,42,48,0,0,4059
62,100.0,36,41,0,0,4059
61,60.0,140,140,0,0,3922
60,40.0,140,140,0,0,3922
60,40.0,133,133,0,0,3922
61,60.0,133,133,0,0,3922
61,60.0,126,126,0,0,3922
60,40.0,126,126,0,0,3922
61,60.0,119,119,0,0,3922
60,40.0,119,119,0,0,3922
61,60.0,112,112,0,0,3922
60,40.0,112,112,0,0,3922
60,40.0,105,105,0,0,3922
61,60.0,105,105,0,0,3922
60,40.0,98,98,0,0,3922
61,60.0,98,98,0,0,3922
60,40.0,91,91,0,0,3922
61,60.0,91,91,0,0,3922
61,60.0,84,84,0,0,3922
60,40.0,84,84,0,0,3922
60,40.0,77,77,0,0,3922
61,60.0,77,77,0,0,3922
60,40.0,70,70,0,0,3922
61,60.0,70,70,0,0,3922
60,40.0,63,69,0,0,3922
61,60.0,63,69,0,0,3922
60,40.0,56,62,0,0,3922
61,60.0,56,62,0,0,3922
60,40.0,49,55,0,0,3922
61,60.0,49,55,0,0,3922
61,60.0,42,48,0,0,3922
60,40.0,42,48,0,0,3922
60,40.0,36,41,0,0,3922
61,60.0,36,41,0,0,3922
61,100.0,140,140,0,0,3979
61,100.0,133,133,0,0,3979
61,100.0,126,126,0,0,3979
61,100.0,119,119,0,0,3979
61,100.0,112,112,0,0,3979
61,100.0,105,105,0,0,3979
61,100.0,98,98,0,0,3979
61,100.0,91,91,0,0,3979
61,100.0,84,84,0,0,3979
61,100.0,77,77,0,0,3979
61,100.0,70,70,0,0,3979
61,100.0,63,69,0,0,3979
61,100.0,56,62,0,0,3979
61,100.0,49,55,0,0,3979
61,100.0,42,48,0,0,3979
61,100.0,36,41,0,0,3979
210,100.0,140,140,0,0,4039
210,100.0,133,133,0,0,4039
210,100.0,126,126,0,0,4039
210,100.0,119,119,0,0,4039
210,100.0,112,112,0,0,4039
210,100.0,105,105,0,0,4039
210,100.0,98,98,0,0,4039
210,100.0,91,91,0,0,4039
210,100.0,84,84,0,0,4039
210,100.0,77,77,0,0,4039
210,100.0,70,70,0,0,4039
210,100.0,63,69,0,0,4039
210,100.0,56,62,0,0,4039
210,100.0,49,55,0,0,4039
210,100.0,42,48,0,0,4039
210,100.0,36,41,134660,0,4039
210,40.0,140,140,0,0,3902
60,60.0,140,140,0,0,3902
210,40.0,133,133,0,0,3902
60,60.0,133,133,0,0,3902
60,60.0,126,126,0,0,3902
210,40.0,126,126,0,0,3902
210,40.0,119,119,0,0,3902
60,60.0,119,119,0,0,3902
60,60.0,112,112,0,0,3902
210,40.0,112,112,0,0,3902
210,40.0,105,105,0,0,3902
60,60.0,105,105,0,0,3902
210,40.0,98,98,0,0,3902
60,60.0,98,98,0,0,3902
210,40.0,91,91,0,0,3902
60,60.0,91,91,0,0,3902
210,40.0,84,84,0,0,3902
60,60.0,84,84,0,0,3902
60,60.0,77,77,0,0,3902
210,40.0,77,77,0,0,3902
210,40.0,70,70,0,0,3902
60,60.0,70,70,0,0,3902
210,40.0,63,69,0,0,3902
60,60.0,63,69,0,0,3902
210,40.0,56,62,0,0,3902
60,60.0,56,62,0,0,3902
210,40.0,49,55,0,0,3902
60,60.0,49,55,0,0,3902
60,60.0,42,48,0,0,3902
210,40.0,42,48,0,0,3902
210,40.0,36,41,12400,0,3902
60,60.0,36,41,17900,0,3902
211,100.0,140,140,0,0,4060
211,100.0,133,133,0,0,4060
211,100.0,126,126,0,0,4060
211,100.0,119,119,0,0,4060
211,100.0,112,112,0,0,4060
211,100.0,105,105,0,0,4060
211,100.0,98,98,0,0,4060
211,100.0,91,91,0,0,4060
211,100.0,84,84,0,0,4060
211,100.0,77,77,0,0,4060
211,100.0,70,70,0,0,4060
211,100.0,63,69,0,0,4060
211,100.0,56,62,0,0,4060
211,100.0,49,55,0,0,4060
211,100.0,42,48,0,0,4060
211,100.0,36,41,0,0,4060
246,100.0,140,140,0,0,636
246,100.0,133,133,0,0,636
246,100.0,126,126,0,0,636
246,100.0,119,119,0,0,636
246,100.0,112,112,0,0,636
246,100.0,105,105,0,0,636
246,100.0,98,98,0,0,636
246,100.0,91,91,0,0,636
246,100.0,84,84,0,0,636
246,100.0,77,77,0,0,636
246,100.0,70,70,0,0,636
246,100.0,63,69,0,0,636
246,100.0,56,62,0,0,636
246,100.0,49,55,0,0,636
246,100.0,42,48,0,0,636
246,100.0,36,41,0,0,636
210,20.0,140,140,0,0,3952
150,50.0,140,140,0,0,3952
60,30.0,140,140,0,0,3952
210,20.0,133,133,0,0,3952
60,30.0,133,133,0,0,3952
150,50.0,133,133,0,0,3952
60,30.0,126,126,0,0,3952
150,50.0,126,126,0,0,3952
210,20.0,126,126,0,0,3952
210,20.0,119,119,0,0,3952
60,30.0,119,119,0,0,3952
150,50.0,119,119,0,0,3952
60,30.0,112,112,0,0,3952
150,50.0,112,112,0,0,3952
210,20.0,112,112,0,0,3952
150,50.0,105,105,0,0,3952
60,30.0,105,105,0,0,3952
210,20.0,105,105,0,0,3952
150,50.0,98,98,0,0,3952
60,30.0,98,98,0,0,3952
210,20.0,98,98,0,0,3952
150,50.0,91,91,0,0,3952
210,20.0,91,91,0,0,3952
60,30.0,91,91,0,0,3952
210,20.0,84,84,0,0,3952
150,50.0,84,84,0,0,3952
60,30.0,84,84,0,0,3952
210,20.0,77,77,0,0,3952
150,50.0,77,77,0,0,3952
60,30.0,77,77,0,0,3952
150,50.0,70,70,0,0,3952
210,20.0,70,70,0,0,3952
60,30.0,70,70,0,0,3952
210,20.0,63,69,0,0,3952
150,50.0,63,69,0,0,3952
60,30.0,63,69,0,0,3952
150,50.0,56,62,0,0,3952
60,30.0,56,62,0,0,3952
210,20.0,56,62,0,0,3952
150,50.0,49,55,0,0,3952
210,20.0,49,55,0,0,3952
60,30.0,49,55,0,0,3952
60,30.0,42,48,0,0,3952
210,20.0,42,48,0,0,3952
150,50.0,42,48,0,0,3952
150,50.0,36,41,8500,0,3952
60,30.0,36,41,4260,0,3952
210,20.0,36,41,3000,0,3952
62,100.0,140,140,0,0,4056
62,100.0,133,133,0,0,4056
62,100.0,126,126,0,0,4056
62,100.0,119,119,0,0,4056
62,100.0,112,112,0,0,4056
62,100.0,105,105,0,0,4056
62,100.0,98,98,0,0,4056
62,100.0,91,91,0,0,4056
62,100.0,84,84,0,0,4056
62,100.0,77,77,0,0,4056
62,100.0,70,70,0,0,4056
62,100.0,63,69,0,0,4056
62,100.0,56,62,0,0,4056
62,100.0,49,55,0,0,4056
62,100.0,42,48,0,0,4056
62,100.0,36,41,0,0,4056
210,100.0,140,140,0,0,4031
210,100.0,133,133,0,0,4031
210,100.0,126,126,0,0,4031
210,100.0,119,119,0,0,4031
210,100.0,112,112,0,0,4031
210,100.0,105,105,0,0,4031
210,100.0,98,98,0,0,4031
210,100.0,91,91,0,0,4031
210,100.0,84,84,0,0,4031
210,100.0,77,77,0,0,4031
210,100.0,70,70,0,0,4031
210,100.0,63,69,0,0,4031
210,100.0,56,62,0,0,4031
210,100.0,49,55,0,0,4031
210,100.0,42,48,0,0,4031
210,100.0,36,41,22344,0,4031
18,100.0,140,140,0,0,78
18,100.0,133,133,0,0,78
18,100.0,126,126,0,0,78
18,100.0,119,119,0,0,78
18,100.0,112,112,0,0,78
18,100.0,105,105,0,0,78
18,100.0,98,98,0,0,78
18,100.0,91,91,0,0,78
18,100.0,84,84,0,0,78
18,100.0,77,77,0,0,78
18,100.0,70,70,0,0,78
18,100.0,63,69,0,0,78
18,100.0,56,62,0,0,78
18,100.0,49,55,0,0,78
18,100.0,42,48,0,0,78
18,100.0,36,41,0,0,78
18,100.0,140,140,0,0,68
18,100.0,133,133,0,0,68
18,100.0,126,126,0,0,68
18,100.0,119,119,0,0,68
18,100.0,112,112,0,0,68
18,100.0,105,105,0,0,68
18,100.0,98,98,0,0,68
18,100.0,91,91,0,0,68
18,100.0,84,84,0,0,68
18,100.0,77,77,0,0,68
18,100.0,70,70,0,0,68
18,100.0,63,69,0,0,68
18,100.0,56,62,0,0,68
18,100.0,49,55,0,0,68
18,100.0,42,48,0,0,68
18,100.0,36,41,100,0,68
150,40.0,140,140,0,0,3921
60,30.0,140,140,0,0,3921
210,30.0,140,140,0,0,3921
150,40.0,133,133,0,0,3921
210,30.0,133,133,0,0,3921
60,30.0,133,133,0,0,3921
210,30.0,126,126,0,0,3921
150,40.0,126,126,0,0,3921
60,30.0,126,126,0,0,3921
150,40.0,119,119,0,0,3921
60,30.0,119,119,0,0,3921
210,30.0,119,119,0,0,3921
60,30.0,112,112,0,0,3921
150,40.0,112,112,0,0,3921
210,30.0,112,112,0,0,3921
210,30.0,105,105,0,0,3921
60,30.0,105,105,0,0,3921
150,40.0,105,105,0,0,3921
60,30.0,98,98,0,0,3921
150,40.0,98,98,0,0,3921
210,30.0,98,98,0,0,3921
210,30.0,91,91,0,0,3921
150,40.0,91,91,0,0,3921
60,30.0,91,91,0,0,3921
150,40.0,84,84,0,0,3921
60,30.0,84,84,0,0,3921
210,30.0,84,84,0,0,3921
150,40.0,77,77,0,0,3921
60,30.0,77,77,0,0,3921
210,30.0,77,77,0,0,3921
150,40.0,70,70,0,0,3921
210,30.0,70,70,0,0,3921
60,30.0,70,70,0,0,3921
210,30.0,63,69,0,0,3921
60,30.0,63,69,0,0,3921
150,40.0,63,69,0,0,3921
150,40.0,56,62,0,0,3921
60,30.0,56,62,0,0,3921
210,30.0,56,62,0,0,3921
60,30.0,49,55,0,0,3921
150,40.0,49,55,0,0,3921
210,30.0,49,55,0,0,3921
60,30.0,42,48,0,0,3921
210,30.0,42,48,0,0,3921
150,40.0,42,48,0,0,3921
60,30.0,36,41,0,0,3921
150,40.0,36,41,0,0,3921
210,30.0,36,41,0,0,3921
62,100.0,140,140,0,0,4066
62,100.0,133,133,0,0,4066
62,100.0,126,126,0,0,4066
62,100.0,119,119,0,0,4066
62,100.0,112,112,0,0,4066
62,100.0,105,105,0,0,4066
62,100.0,98,98,0,0,4066
62,100.0,91,91,0,0,4066
62,100.0,84,84,0,0,4066
62,100.0,77,77,0,0,4066
62,100.0,70,70,0,0,4066
62,100.0,63,69,0,0,4066
62,100.0,56,62,0,0,4066
62,100.0,49,55,0,0,4066
62,100.0,42,48,0,0,4066
62,100.0,36,41,0,0,4066
62,100.0,140,140,0,0,4019
62,100.0,133,133,0,0,4019
62,100.0,126,126,0,0,4019
62,100.0,119,119,0,0,4019
62,100.0,112,112,0,0,4019
62,100.0,105,105,0,0,4019
62,100.0,98,98,0,0,4019
62,100.0,91,91,0,0,4019
62,100.0,84,84,0,0,4019
62,100.0,77,77,0,0,4019
62,100.0,70,70,0,0,4019
62,100.0,63,69,0,0,4019
62,100.0,56,62,0,0,4019
62,100.0,49,55,0,0,4019
62,100.0,42,48,0,0,4019
62,100.0,36,41,0,0,4019
211,100.0,140,140,0,0,4072
211,100.0,133,133,0,0,4072
211,100.0,126,126,0,0,4072
211,100.0,119,119,0,0,4072
211,100.0,112,112,0,0,4072
211,100.0,105,105,0,0,4072
211,100.0,98,98,0,0,4072
211,100.0,91,91,0,0,4072
211,100.0,84,84,0,0,4072
211,100.0,77,77,0,0,4072
211,100.0,70,70,0,0,4072
211,100.0,63,69,0,0,4072
211,100.0,56,62,0,0,4072
211,100.0,49,55,0,0,4072
211,100.0,42,48,0,0,4072
211,100.0,36,41,0,0,4072
18,100.0,140,140,0,0,75
18,100.0,133,133,0,0,75
18,100.0,126,126,0,0,75
18,100.0,119,119,0,0,75
18,100.0,112,112,0,0,75
18,100.0,105,105,0,0,75
18,100.0,98,98,0,0,75
18,100.0,91,91,0,0,75
18,100.0,84,84,0,0,75
18,100.0,77,77,0,0,75
18,100.0,70,70,0,0,75
18,100.0,63,69,0,0,75
18,100.0,56,62,0,0,75
18,100.0,49,55,0,0,75
18,100.0,42,48,0,0,75
18,100.0,36,41,0,0,75
18,100.0,140,140,0,0,79
18,100.0,133,133,0,0,79
18,100.0,126,126,0,0,79
18,100.0,119,119,0,0,79
18,100.0,112,112,0,0,79
18,100.0,105,105,0,0,79
18,100.0,98,98,0,0,79
18,100.0,91,91,0,0,79
18,100.0,84,84,0,0,79
18,100.0,77,77,0,0,79
18,100.0,70,70,0,0,79
18,100.0,63,69,0,0,79
18,100.0,56,62,0,0,79
18,100.0,49,55,0,0,79
18,100.0,42,48,0,0,79
18,100.0,36,41,0,0,79
62,100.0,140,140,0,0,4047
62,100.0,133,133,0,0,4047
62,100.0,126,126,0,0,4047
62,100.0,119,119,0,0,4047
62,100.0,112,112,0,0,4047
62,100.0,105,105,0,0,4047
62,100.0,98,98,0,0,4047
62,100.0,91,91,0,0,4047
62,100.0,84,84,0,0,4047
62,100.0,77,77,0,0,4047
62,100.0,70,70,0,0,4047
62,100.0,63,69,0,0,4047
62,100.0,56,62,0,0,4047
62,100.0,49,55,0,0,4047
62,100.0,42,48,0,0,4047
62,100.0,36,41,0,0,4047
62,100.0,140,140,0,0,4027
62,100.0,133,133,0,0,4027
62,100.0,126,126,0,0,4027
62,100.0,119,119,0,0,4027
62,100.0,112,112,0,0,4027
62,100.0,105,105,0,0,4027
62,100.0,98,98,0,0,4027
62,100.0,91,91,0,0,4027
62,100.0,84,84,0,0,4027
62,100.0,77,77,0,0,4027
62,100.0,70,70,0,0,4027
62,100.0,63,69,0,0,4027
62,100.0,56,62,0,0,4027
62,100.0,49,55,0,0,4027
62,100.0,42,48,0,0,4027
62,100.0,36,41,0,0,4027
62,100.0,140,140,0,0,4081
62,100.0,133,133,0,0,4081
62,100.0,126,126,0,0,4081
62,100.0,119,119,0,0,4081
62,100.0,112,112,0,0,4081
62,100.0,105,105,0,0,4081
62,100.0,98,98,0,0,4081
62,100.0,91,91,0,0,4081
62,100.0,84,84,0,0,4081
62,100.0,77,77,0,0,4081
62,100.0,70,70,0,0,4081
62,100.0,63,69,0,0,4081
62,100.0,56,62,0,0,4081
62,100.0,49,55,0,0,4081
62,100.0,42,48,0,0,4081
62,100.0,36,41,0,0,4081
62,100.0,140,140,0,0,4058
62,100.0,133,133,0,0,4058
62,100.0,126,126,0,0,4058
62,100.0,119,119,0,0,4058
62,100.0,112,112,0,0,4058
62,100.0,105,105,0,0,4058
62,100.0,98,98,0,0,4058
62,100.0,91,91,0,0,4058
62,100.0,84,84,0,0,4058
62,100.0,77,77,0,0,4058
62,100.0,70,70,0,0,4058
62,100.0,63,69,0,0,4058
62,100.0,56,62,0,0,4058
62,100.0,49,55,0,0,4058
62,100.0,42,48,0,0,4058
62,100.0,36,41,0,0,4058
153,40.0,140,140,0,0,3948
150,60.0,140,140,0,0,3948
153,40.0,133,133,0,0,3948
150,60.0,133,133,0,0,3948
150,60.0,126,126,0,0,3948
153,40.0,126,126,0,0,3948
150,60.0,119,119,0,0,3948
153,40.0,119,119,0,0,3948
153,40.0,112,112,0,0,3948
150,60.0,112,112,0,0,3948
150,60.0,105,105,0,0,3948
153,40.0,105,105,0,0,3948
150,60.0,98,98,0,0,3948
153,40.0,98,98,0,0,3948
153,40.0,91,91,0,0,3948
150,60.0,91,91,0,0,3948
150,60.0,84,84,0,0,3948
153,40.0,84,84,0,0,3948
153,40.0,77,77,0,0,3948
150,60.0,77,77,0,0,3948
150,60.0,70,70,0,0,3948
153,40.0,70,70,0,0,3948
153,40.0,63,69,0,0,3948
150,60.0,63,69,0,0,3948
150,60.0,56,62,0,0,3948
153,40.0,56,62,0,0,3948
150,60.0,49,55,0,0,3948
153,40.0,49,55,0,0,3948
153,40.0,42,48,0,0,3948
150,60.0,42,48,0,0,3948
153,40.0,36,41,1280,0,3948
150,60.0,36,41,2440,0,3948
210,35.0,140,140,0,0,3953
60,20.0,140,140,0,0,3953
61,45.0,140,140,0,0,3953
60,20.0,133,133,0,0,3953
210,35.0,133,133,0,0,3953
61,45.0,133,133,0,0,3953
210,35.0,126,126,0,0,3953
61,45.0,126,126,0,0,3953
60,20.0,126,126,0,0,3953
61,45.0,119,119,0,0,3953
210,35.0,119,119,0,0,3953
60,20.0,119,119,0,0,3953
61,45.0,112,112,0,0,3953
210,35.0,112,112,0,0,3953
60,20.0,112,112,0,0,3953
60,20.0,105,105,0,0,3953
210,35.0,105,105,0,0,3953
61,45.0,105,105,0,0,3953
61,45.0,98,98,0,0,3953
210,35.0,98,98,0,0,3953
60,20.0,98,98,0,0,3953
60,20.0,91,91,0,0,3953
210,35.0,91,91,0,0,3953
61,45.0,91,91,0,0,3953
61,45.0,84,84,0,0,3953
60,20.0,84,84,0,0,3953
210,35.0,84,84,0,0,3953
210,35.0,77,77,0,0,3953
60,20.0,77,77,0,0,3953
61,45.0,77,77,0,0,3953
61,45.0,70,70,0,0,3953
60,20.0,70,70,0,0,3953
210,35.0,70,70,0,0,3953
210,35.0,63,69,0,0,3953
60,20.0,63,69,0,0,3953
61,45.0,63,69,0,0,3953
210,35.0,56,62,0,0,3953
60,20.0,56,62,0,0,3953
61,45.0,56,62,0,0,3953
60,20.0,49,55,0,0,3953
61,45.0,49,55,0,0,3953
210,35.0,49,55,0,0,3953
60,20.0,42,48,0,0,3953
61,45.0,42,48,0,0,3953
210,35.0,42,48,0,0,3953
210,35.0,36,41,14500,0,3953
61,45.0,36,41,14100,0,3953
60,20.0,36,41,9200,0,3953
62,100.0,140,140,0,0,4046
62,100.0,133,133,0,0,4046
62,100.0,126,126,0,0,4046
62,100.0,119,119,0,0,4046
62,100.0,112,112,0,0,4046
62,100.0,105,105,0,0,4046
62,100.0,98,98,0,0,4046
62,100.0,91,91,0,0,4046
62,100.0,84,84,0,0,4046
62,100.0,77,77,0,0,4046
62,100.0,70,70,0,0,4046
62,100.0,63,69,0,0,4046
62,100.0,56,62,0,0,4046
62,100.0,49,55,0,0,4046
62,100.0,42,48,0,0,4046
62,100.0,36,41,0,0,4046
61,100.0,140,140,0,0,4015
61,100.0,133,133,0,0,4015
61,100.0,126,126,0,0,4015
61,100.0,119,119,0,0,4015
61,100.0,112,112,0,0,4015
61,100.0,105,105,0,0,4015
61,100.0,98,98,0,0,4015
61,100.0,91,91,0,0,4015
61,100.0,84,84,0,0,4015
61,100.0,77,77,0,0,4015
61,100.0,70,70,0,0,4015
61,100.0,63,69,0,0,4015
61,100.0,56,62,0,0,4015
61,100.0,49,55,0,0,4015
61,100.0,42,48,0,0,4015
61,100.0,36,41,44782,0,4015
246,100.0,140,140,0,0,638
246,100.0,133,133,0,0,638
246,100.0,126,126,0,0,638
246,100.0,119,119,0,0,638
246,100.0,112,112,0,0,638
246,100.0,105,105,0,0,638
246,100.0,98,98,0,0,638
246,100.0,91,91,0,0,638
246,100.0,84,84,0,0,638
246,100.0,77,77,0,0,638
246,100.0,70,70,0,0,638
246,100.0,63,69,0,0,638
246,100.0,56,62,0,0,638
246,100.0,49,55,0,0,638
246,100.0,42,48,0,0,638
246,100.0,36,41,0,0,638
61,100.0,140,140,0,0,3917
61,100.0,133,133,0,0,3917
61,100.0,126,126,0,0,3917
61,100.0,119,119,0,0,3917
61,100.0,112,112,0,0,3917
61,100.0,105,105,0,0,3917
61,100.0,98,98,0,0,3917
61,100.0,91,91,0,0,3917
61,100.0,84,84,0,0,3917
61,100.0,77,77,0,0,3917
61,100.0,70,70,0,0,3917
61,100.0,63,69,0,0,3917
61,100.0,56,62,0,0,3917
61,100.0,49,55,0,0,3917
61,100.0,42,48,0,0,3917
61,100.0,36,41,18200,0,3917
62,100.0,140,140,0,0,4037
62,100.0,133,133,0,0,4037
62,100.0,126,126,0,0,4037
62,100.0,119,119,0,0,4037
62,100.0,112,112,0,0,4037
62,100.0,105,105,0,0,4037
62,100.0,98,98,0,0,4037
62,100.0,91,91,0,0,4037
62,100.0,84,84,0,0,4037
62,100.0,77,77,0,0,4037
62,100.0,70,70,0,0,4037
62,100.0,63,69,0,0,4037
62,100.0,56,62,0,0,4037
62,100.0,49,55,0,0,4037
62,100.0,42,48,0,0,4037
62,100.0,36,41,0,0,4037
210,100.0,140,140,0,0,4035
210,100.0,133,133,0,0,4035
210,100.0,126,126,0,0,4035
210,100.0,119,119,0,0,4035
210,100.0,112,112,0,0,4035
210,100.0,105,105,0,0,4035
210,100.0,98,98,0,0,4035
210,100.0,91,91,0,0,4035
210,100.0,84,84,0,0,4035
210,100.0,77,77,0,0,4035
210,100.0,70,70,0,0,4035
210,100.0,63,69,0,0,4035
210,100.0,56,62,0,0,4035
210,100.0,49,55,0,0,4035
210,100.0,42,48,0,0,4035
210,100.0,36,41,55440,0,4035
62,100.0,140,140,0,0,4021
62,100.0,133,133,0,0,4021
62,100.0,126,126,0,0,4021
62,100.0,119,119,0,0,4021
62,100.0,112,112,0,0,4021
62,100.0,105,105,0,0,4021
62,100.0,98,98,0,0,4021
62,100.0,91,91,0,0,4021
62,100.0,84,84,0,0,4021
62,100.0,77,77,0,0,4021
62,100.0,70,70,0,0,4021
62,100.0,63,69,0,0,4021
62,100.0,56,62,0,0,4021
62,100.0,49,55,0,0,4021
62,100.0,42,48,0,0,4021
62,100.0,36,41,0,0,4021
62,100.0,140,140,0,0,4040
62,100.0,133,133,0,0,4040
62,100.0,126,126,0,0,4040
62,100.0,119,119,0,0,4040
62,100.0,112,112,0,0,4040
62,100.0,105,105,0,0,4040
62,100.0,98,98,0,0,4040
62,100.0,91,91,0,0,4040
62,100.0,84,84,0,0,4040
62,100.0,77,77,0,0,4040
62,100.0,70,70,0,0,4040
62,100.0,63,69,0,0,4040
62,100.0,56,62,0,0,4040
62,100.0,49,55,0,0,4040
62,100.0,42,48,0,0,4040
62,100.0,36,41,0,0,4040
62,100.0,140,140,0,0,4018
62,100.0,133,133,0,0,4018
62,100.0,126,126,0,0,4018
62,100.0,119,119,0,0,4018
62,100.0,112,112,0,0,4018
62,100.0,105,105,0,0,4018
62,100.0,98,98,0,0,4018
62,100.0,91,91,0,0,4018
62,100.0,84,84,0,0,4018
62,100.0,77,77,0,0,4018
62,100.0,70,70,0,0,4018
62,100.0,63,69,0,0,4018
62,100.0,56,62,0,0,4018
62,100.0,49,55,0,0,4018
62,100.0,42,48,0,0,4018
62,100.0,36,41,0,0,4018
263,100.0,140,140,0,0,4042
263,100.0,133,133,0,0,4042
263,100.0,126,126,0,0,4042
263,100.0,119,119,0,0,4042
263,100.0,112,112,0,0,4042
263,100.0,105,105,0,0,4042
263,100.0,98,98,0,0,4042
263,100.0,91,91,0,0,4042
263,100.0,84,84,0,0,4042
263,100.0,77,77,0,0,4042
263,100.0,70,70,0,0,4042
263,100.0,63,69,0,0,4042
263,100.0,56,62,0,0,4042
263,100.0,49,55,0,0,4042
263,100.0,42,48,0,0,4042
263,100.0,36,41,0,0,4042
211,100.0,140,140,0,0,4063
211,100.0,133,133,0,0,4063
211,100.0,126,126,0,0,4063
211,100.0,119,119,0,0,4063
211,100.0,112,112,0,0,4063
211,100.0,105,105,0,0,4063
211,100.0,98,98,0,0,4063
211,100.0,91,91,0,0,4063
211,100.0,84,84,0,0,4063
211,100.0,77,77,0,0,4063
211,100.0,70,70,0,0,4063
211,100.0,63,69,0,0,4063
211,100.0,56,62,0,0,4063
211,100.0,49,55,0,0,4063
211,100.0,42,48,0,0,4063
211,100.0,36,41,0,0,4063
62,100.0,140,140,0,0,4023
62,100.0,133,133,0,0,4023
62,100.0,126,126,0,0,4023
62,100.0,119,119,0,0,4023
62,100.0,112,112,0,0,4023
62,100.0,105,105,0,0,4023
62,100.0,98,98,0,0,4023
62,100.0,91,91,0,0,4023
62,100.0,84,84,0,0,4023
62,100.0,77,77,0,0,4023
62,100.0,70,70,0,0,4023
62,100.0,63,69,0,0,4023
62,100.0,56,62,0,0,4023
62,100.0,49,55,0,0,4023
62,100.0,42,48,0,0,4023
62,100.0,36,41,0,0,4023
15,100.0,140,140,0,0,80
15,100.0,133,133,0,0,80
15,100.0,126,126,0,0,80
15,100.0,119,119,0,0,80
15,100.0,112,112,0,0,80
15,100.0,105,105,0,0,80
15,100.0,98,98,0,0,80
15,100.0,91,91,0,0,80
15,100.0,84,84,0,0,80
15,100.0,77,77,0,0,80
15,100.0,70,70,0,0,80
15,100.0,63,69,0,0,80
15,100.0,56,62,0,0,80
15,100.0,49,55,0,0,80
15,100.0,42,48,0,0,80
15,100.0,36,41,3,0,80
62,100.0,140,140,0,0,4025
62,100.0,133,133,0,0,4025
62,100.0,126,126,0,0,4025
62,100.0,119,119,0,0,4025
62,100.0,112,112,0,0,4025
62,100.0,105,105,0,0,4025
62,100.0,98,98,0,0,4025
62,100.0,91,91,0,0,4025
62,100.0,84,84,0,0,4025
62,100.0,77,77,0,0,4025
62,100.0,70,70,0,0,4025
62,100.0,63,69,0,0,4025
62,100.0,56,62,0,0,4025
62,100.0,49,55,0,0,4025
62,100.0,42,48,0,0,4025
62,100.0,36,41,0,0,4025
